method,dataset,profile_percentage,dispersion,SFD,kl_div_pool_profile,fair_representation,pNDKL,NDKL,avg_sat_10,avg_sat_20,avg_sat_30,avg_sat_40,avg_sat_50,result,pool_grp_cnts,profile_grp_cnts,consensusranking_grp_cnts
STV,synthetic-0,0.2,0.0,0.07246029099455747,0.0,0.33333333333333337,0.3985913934133538,0.3985913934133538,0.06,0.08,0.13,0.16,0.2,"['56', '54', '0', '10', '11', '13', '26', '33', '4', '58', '62', '71', '74', '8', '80', '83', '88', '89', '94', '96']","{'grp_1': 25, 'grp_2': 25, 'grp_3': 25, 'grp_4': 25}","{'grp_1': 25, 'grp_2': 25, 'grp_3': 25, 'grp_4': 25}","{'grp_1': 6, 'grp_2': 2, 'grp_3': 6, 'grp_4': 6}"
MC4,synthetic-0,0.2,0.0,0.028507851310258306,0.0,0.5714285714285715,0.05518217510854444,0.05518217510854444,0.02,0.04,0.04,0.06,0.08,"['33', '53', '89', '16', '87', '92', '57', '51', '4', '15', '14', '65', '34', '73', '43', '67', '99', '28', '70', '88']","{'grp_1': 25, 'grp_2': 25, 'grp_3': 25, 'grp_4': 25}","{'grp_1': 25, 'grp_2': 25, 'grp_3': 25, 'grp_4': 25}","{'grp_1': 4, 'grp_2': 4, 'grp_3': 7, 'grp_4': 5}"
BORDA,synthetic-0,0.2,0.0,0.01006775269314665,0.0,0.6666666666666667,0.15558862754908578,0.15558862754908578,0.04,0.07,0.09,0.1,0.13,"['62', '94', '3', '97', '51', '20', '30', '8', '40', '11', '15', '56', '81', '92', '7', '60', '36', '32', '50', '75']","{'grp_1': 25, 'grp_2': 25, 'grp_3': 25, 'grp_4': 25}","{'grp_1': 25, 'grp_2': 25, 'grp_3': 25, 'grp_4': 25}","{'grp_1': 6, 'grp_2': 4, 'grp_3': 5, 'grp_4': 5}"
EPIRA,synthetic-0,0.2,0.0,0.01006775269314665,0.0,0.6666666666666667,0.03804516757862779,0.03804516757862779,0.04,0.05,0.07,0.1,0.13,"['62', '94', '3', '30', '51', '20', '97', '8', '40', '11', '15', '56', '81', '92', '7', '60', '36', '32', '50', '75']","{'grp_1': 25, 'grp_2': 25, 'grp_3': 25, 'grp_4': 25}","{'grp_1': 25, 'grp_2': 25, 'grp_3': 25, 'grp_4': 25}","{'grp_1': 6, 'grp_2': 4, 'grp_3': 5, 'grp_4': 5}"
RAPF,synthetic-0,0.2,0.0,0.059733955957653274,0.0,0.44199134199134205,0.06331341463354097,0.06331341463354097,0.033999999999999996,0.064,0.077,0.087,0.10600000000000001,"['23', '83', '54', '25', '86', '62', '3', '39', '64', '95', '61', '44', '89', '14', '51', '34', '81', '50', '71', '30']","{'grp_1': 25, 'grp_2': 25, 'grp_3': 25, 'grp_4': 25}","{'grp_1': 25, 'grp_2': 25, 'grp_3': 25, 'grp_4': 25}","{'grp_1': 3, 'grp_2': 5, 'grp_3': 7, 'grp_4': 5}"
BALANCED-COMMITTEE-ELECTION,synthetic-0,0.2,0.0,0.0,0.0,1.0,0.14702064859537345,0.14702064859537345,0.04,0.07,0.09,0.1,0.13,"['62', '94', '3', '97', '51', '20', '30', '8', '40', '11', '15', '56', '81', '92', '60', '36', '32', '50', '75', '34']","{'grp_1': 25, 'grp_2': 25, 'grp_3': 25, 'grp_4': 25}","{'grp_1': 25, 'grp_2': 25, 'grp_3': 25, 'grp_4': 25}","{'grp_1': 5, 'grp_2': 5, 'grp_3': 5, 'grp_4': 5}"
PREFAIR,synthetic-0,0.2,0.0,0.0,0.0,1.0,0.0,0.0,0.05,0.09,0.14,0.19,0.23,"['56', '32', '13', '96', '54', '26', '19', '88', '50', '46', '8', '89', '58', '38', '10', '83', '71', '33', '0', '75']","{'grp_1': 25, 'grp_2': 25, 'grp_3': 25, 'grp_4': 25}","{'grp_1': 25, 'grp_2': 25, 'grp_3': 25, 'grp_4': 25}","{'grp_1': 5, 'grp_2': 5, 'grp_3': 5, 'grp_4': 5}"
STV,synthetic-0,0.4,0.0,0.06674887147400999,0.0,0.37499999999999994,0.39777767091498334,0.39777767091498334,0.03,0.06,0.08,0.1,0.135,"['56', '54', '19', '2', '26', '38', '4', '46', '55', '58', '62', '65', '67', '71', '78', '8', '80', '84', '96', '97']","{'grp_1': 25, 'grp_2': 25, 'grp_3': 25, 'grp_4': 25}","{'grp_1': 25, 'grp_2': 25, 'grp_3': 25, 'grp_4': 25}","{'grp_1': 4, 'grp_2': 3, 'grp_3': 8, 'grp_4': 5}"
MC4,synthetic-0,0.4,0.0,0.028507851310258306,0.0,0.5714285714285715,0.05518217510854444,0.05518217510854444,0.015,0.04,0.04,0.06,0.085,"['33', '53', '89', '16', '87', '92', '57', '51', '4', '15', '14', '65', '34', '73', '43', '67', '99', '28', '70', '88']","{'grp_1': 25, 'grp_2': 25, 'grp_3': 25, 'grp_4': 25}","{'grp_1': 25, 'grp_2': 25, 'grp_3': 25, 'grp_4': 25}","{'grp_1': 4, 'grp_2': 4, 'grp_3': 7, 'grp_4': 5}"
BORDA,synthetic-0,0.4,0.0,0.06674887147400997,0.0,0.37499999999999994,0.22697633413416896,0.22697633413416896,0.025,0.04,0.065,0.1,0.13,"['8', '75', '30', '92', '0', '1', '94', '11', '62', '67', '33', '32', '3', '89', '96', '26', '19', '53', '20', '7']","{'grp_1': 25, 'grp_2': 25, 'grp_3': 25, 'grp_4': 25}","{'grp_1': 25, 'grp_2': 25, 'grp_3': 25, 'grp_4': 25}","{'grp_1': 8, 'grp_2': 4, 'grp_3': 3, 'grp_4': 5}"
EPIRA,synthetic-0,0.4,0.0,0.06674887147400997,0.0,0.37499999999999994,0.22697633413416896,0.22697633413416896,0.025,0.04,0.065,0.1,0.13,"['8', '75', '30', '92', '0', '1', '94', '11', '62', '67', '33', '32', '3', '89', '96', '26', '19', '53', '20', '7']","{'grp_1': 25, 'grp_2': 25, 'grp_3': 25, 'grp_4': 25}","{'grp_1': 25, 'grp_2': 25, 'grp_3': 25, 'grp_4': 25}","{'grp_1': 8, 'grp_2': 4, 'grp_3': 3, 'grp_4': 5}"
RAPF,synthetic-0,0.4,0.0,0.019133271648982108,0.0,0.6761904761904762,0.07598203163169963,0.07598203163169963,0.025,0.053000000000000005,0.07400000000000001,0.0885,0.10500000000000001,"['89', '53', '33', '16', '87', '57', '4', '34', '15', '92', '51', '43', '14', '99', '65', '28', '12', '88', '73', '32']","{'grp_1': 25, 'grp_2': 25, 'grp_3': 25, 'grp_4': 25}","{'grp_1': 25, 'grp_2': 25, 'grp_3': 25, 'grp_4': 25}","{'grp_1': 5, 'grp_2': 5, 'grp_3': 5, 'grp_4': 5}"
BALANCED-COMMITTEE-ELECTION,synthetic-0,0.4,0.0,0.0,0.0,1.0,0.21821854327856013,0.21821854327856013,0.025,0.04,0.065,0.1,0.13,"['8', '75', '30', '92', '0', '1', '94', '11', '62', '67', '33', '32', '3', '89', '96', '26', '53', '60', '66', '29']","{'grp_1': 25, 'grp_2': 25, 'grp_3': 25, 'grp_4': 25}","{'grp_1': 25, 'grp_2': 25, 'grp_3': 25, 'grp_4': 25}","{'grp_1': 5, 'grp_2': 5, 'grp_3': 5, 'grp_4': 5}"
PREFAIR,synthetic-0,0.4,0.0,0.0,0.0,1.0,0.0,0.0,0.035,0.065,0.09,0.11,0.13,"['56', '32', '97', '13', '54', '26', '96', '6', '55', '46', '89', '19', '65', '38', '84', '4', '74', '33', '80', '3']","{'grp_1': 25, 'grp_2': 25, 'grp_3': 25, 'grp_4': 25}","{'grp_1': 25, 'grp_2': 25, 'grp_3': 25, 'grp_4': 25}","{'grp_1': 5, 'grp_2': 5, 'grp_3': 5, 'grp_4': 5}"
STV,synthetic-0,0.6,0.0,0.10644008657533766,0.0,0.25,0.4469646676644266,0.4469646676644266,0.023333333333333334,0.04,0.05999999999999999,0.07666666666666665,0.1,"['56', '54', '10', '13', '17', '19', '32', '33', '4', '50', '58', '6', '65', '67', '71', '74', '83', '88', '89', '96']","{'grp_1': 25, 'grp_2': 25, 'grp_3': 25, 'grp_4': 25}","{'grp_1': 25, 'grp_2': 25, 'grp_3': 25, 'grp_4': 25}","{'grp_1': 6, 'grp_2': 2, 'grp_3': 8, 'grp_4': 4}"
MC4,synthetic-0,0.6,0.0,0.028507851310258306,0.0,0.5714285714285715,0.05518217510854444,0.05518217510854444,0.013333333333333332,0.04333333333333333,0.05333333333333334,0.07,0.09666666666666668,"['33', '53', '89', '16', '87', '92', '57', '51', '4', '15', '14', '65', '34', '73', '43', '67', '99', '28', '70', '88']","{'grp_1': 25, 'grp_2': 25, 'grp_3': 25, 'grp_4': 25}","{'grp_1': 25, 'grp_2': 25, 'grp_3': 25, 'grp_4': 25}","{'grp_1': 4, 'grp_2': 4, 'grp_3': 7, 'grp_4': 5}"
BORDA,synthetic-0,0.6,0.0,0.0201355053862933,0.0,0.6666666666666667,0.4344687026523483,0.4344687026523483,0.03,0.056666666666666664,0.08333333333333331,0.10333333333333332,0.12999999999999998,"['92', '94', '8', '75', '36', '19', '7', '88', '30', '26', '24', '89', '53', '1', '62', '81', '66', '0', '32', '60']","{'grp_1': 25, 'grp_2': 25, 'grp_3': 25, 'grp_4': 25}","{'grp_1': 25, 'grp_2': 25, 'grp_3': 25, 'grp_4': 25}","{'grp_1': 6, 'grp_2': 4, 'grp_3': 4, 'grp_4': 6}"
EPIRA,synthetic-0,0.6,0.0,0.0201355053862933,0.0,0.6666666666666667,0.177035954287111,0.177035954287111,0.013333333333333332,0.04999999999999999,0.07666666666666666,0.10333333333333332,0.13,"['92', '53', '8', '94', '36', '19', '7', '75', '30', '26', '24', '88', '89', '1', '62', '81', '66', '0', '32', '60']","{'grp_1': 25, 'grp_2': 25, 'grp_3': 25, 'grp_4': 25}","{'grp_1': 25, 'grp_2': 25, 'grp_3': 25, 'grp_4': 25}","{'grp_1': 6, 'grp_2': 4, 'grp_3': 4, 'grp_4': 6}"
RAPF,synthetic-0,0.6,0.0,0.010324334474525635,0.0,0.7500000000000001,0.08788352124439636,0.08788352124439636,0.024,0.049,0.07066666666666666,0.091,0.10899999999999999,"['78', '55', '34', '19', '24', '60', '33', '12', '84', '97', '69', '35', '43', '21', '61', '1', '46', '82', '72', '98']","{'grp_1': 25, 'grp_2': 25, 'grp_3': 25, 'grp_4': 25}","{'grp_1': 25, 'grp_2': 25, 'grp_3': 25, 'grp_4': 25}","{'grp_1': 5, 'grp_2': 5, 'grp_3': 5, 'grp_4': 5}"
BALANCED-COMMITTEE-ELECTION,synthetic-0,0.6,0.0,0.0,0.0,1.0,0.42457978342615665,0.42457978342615665,0.03,0.056666666666666664,0.08333333333333331,0.10333333333333332,0.12999999999999998,"['92', '94', '8', '75', '36', '19', '7', '88', '30', '26', '24', '89', '53', '1', '62', '66', '32', '60', '29', '61']","{'grp_1': 25, 'grp_2': 25, 'grp_3': 25, 'grp_4': 25}","{'grp_1': 25, 'grp_2': 25, 'grp_3': 25, 'grp_4': 25}","{'grp_1': 5, 'grp_2': 5, 'grp_3': 5, 'grp_4': 5}"
PREFAIR,synthetic-0,0.6,0.0,0.0,0.0,1.0,0.0,0.0,0.026666666666666665,0.07,0.09,0.1033333333333333,0.12666666666666665,"['56', '32', '3', '94', '54', '26', '4', '80', '55', '46', '0', '97', '60', '38', '11', '75', '71', '33', '13', '89']","{'grp_1': 25, 'grp_2': 25, 'grp_3': 25, 'grp_4': 25}","{'grp_1': 25, 'grp_2': 25, 'grp_3': 25, 'grp_4': 25}","{'grp_1': 5, 'grp_2': 5, 'grp_3': 5, 'grp_4': 5}"
STV,synthetic-0,0.8,0.0,0.09927273553563415,0.0,0.28571428571428575,0.44835090889124835,0.44835090889124835,0.0175,0.0325,0.0625,0.085,0.0975,"['56', '54', '0', '10', '13', '19', '2', '32', '4', '46', '50', '62', '67', '71', '74', '78', '8', '80', '96', '97']","{'grp_1': 25, 'grp_2': 25, 'grp_3': 25, 'grp_4': 25}","{'grp_1': 25, 'grp_2': 25, 'grp_3': 25, 'grp_4': 25}","{'grp_1': 7, 'grp_2': 2, 'grp_3': 7, 'grp_4': 4}"
MC4,synthetic-0,0.8,0.0,0.028507851310258306,0.0,0.5714285714285715,0.05518217510854444,0.05518217510854444,0.0175,0.04,0.0575,0.0825,0.1075,"['33', '53', '89', '16', '87', '92', '57', '51', '4', '15', '14', '65', '34', '73', '43', '67', '99', '28', '70', '88']","{'grp_1': 25, 'grp_2': 25, 'grp_3': 25, 'grp_4': 25}","{'grp_1': 25, 'grp_2': 25, 'grp_3': 25, 'grp_4': 25}","{'grp_1': 4, 'grp_2': 4, 'grp_3': 7, 'grp_4': 5}"
BORDA,synthetic-0,0.8,0.0,0.13751375569938581,0.0,0.25,0.5150864931335067,0.5150864931335067,0.0375,0.055,0.0775,0.095,0.12,"['94', '75', '92', '8', '36', '7', '19', '12', '88', '89', '24', '77', '26', '30', '81', '4', '1', '62', '23', '66']","{'grp_1': 25, 'grp_2': 25, 'grp_3': 25, 'grp_4': 25}","{'grp_1': 25, 'grp_2': 25, 'grp_3': 25, 'grp_4': 25}","{'grp_1': 8, 'grp_2': 3, 'grp_3': 2, 'grp_4': 7}"
EPIRA,synthetic-0,0.8,0.0,0.13751375569938581,0.0,0.25,0.2329741770417546,0.2329741770417546,0.03,0.0625,0.0875,0.11,0.135,"['94', '8', '75', '62', '36', '92', '7', '19', '88', '89', '12', '77', '26', '30', '81', '24', '4', '1', '23', '66']","{'grp_1': 25, 'grp_2': 25, 'grp_3': 25, 'grp_4': 25}","{'grp_1': 25, 'grp_2': 25, 'grp_3': 25, 'grp_4': 25}","{'grp_1': 8, 'grp_2': 3, 'grp_3': 2, 'grp_4': 7}"
RAPF,synthetic-0,0.8,0.0,0.007047426885202655,0.0,0.7666666666666667,0.051474226586076796,0.051474226586076796,0.026500000000000003,0.0505,0.07875,0.10350000000000001,0.12575,"['4', '85', '53', '47', '20', '90', '71', '40', '8', '94', '51', '28', '23', '79', '45', '54', '16', '81', '68', '39']","{'grp_1': 25, 'grp_2': 25, 'grp_3': 25, 'grp_4': 25}","{'grp_1': 25, 'grp_2': 25, 'grp_3': 25, 'grp_4': 25}","{'grp_1': 5, 'grp_2': 5, 'grp_3': 5, 'grp_4': 5}"
BALANCED-COMMITTEE-ELECTION,synthetic-0,0.8,0.0,0.0,0.0,1.0,0.4360544757527247,0.4360544757527247,0.0375,0.055,0.0775,0.095,0.12,"['94', '75', '92', '8', '36', '7', '19', '12', '88', '89', '24', '26', '30', '62', '66', '38', '32', '53', '61', '60']","{'grp_1': 25, 'grp_2': 25, 'grp_3': 25, 'grp_4': 25}","{'grp_1': 25, 'grp_2': 25, 'grp_3': 25, 'grp_4': 25}","{'grp_1': 5, 'grp_2': 5, 'grp_3': 5, 'grp_4': 5}"
PREFAIR,synthetic-0,0.8,0.0,0.0,0.0,1.0,0.0,0.0,0.02,0.04,0.055,0.0775,0.0875,"['56', '32', '10', '75', '54', '26', '11', '80', '71', '46', '8', '83', '67', '38', '17', '94', '58', '33', '0', '96']","{'grp_1': 25, 'grp_2': 25, 'grp_3': 25, 'grp_4': 25}","{'grp_1': 25, 'grp_2': 25, 'grp_3': 25, 'grp_4': 25}","{'grp_1': 5, 'grp_2': 5, 'grp_3': 5, 'grp_4': 5}"
STV,synthetic-0,1.0,0.0,0.13751375569938584,0.0,0.25,0.48088521517634014,0.48088521517634014,0.020000000000000004,0.036000000000000004,0.066,0.07600000000000001,0.096,"['56', '54', '0', '10', '11', '13', '17', '33', '38', '55', '58', '6', '62', '67', '71', '74', '8', '80', '89', '96']","{'grp_1': 25, 'grp_2': 25, 'grp_3': 25, 'grp_4': 25}","{'grp_1': 25, 'grp_2': 25, 'grp_3': 25, 'grp_4': 25}","{'grp_1': 7, 'grp_2': 2, 'grp_3': 8, 'grp_4': 3}"
MC4,synthetic-0,1.0,0.0,0.028507851310258306,0.0,0.5714285714285715,0.05518217510854444,0.05518217510854444,0.014000000000000002,0.033999999999999996,0.05,0.07600000000000001,0.1,"['33', '53', '89', '16', '87', '92', '57', '51', '4', '15', '14', '65', '34', '73', '43', '67', '99', '28', '70', '88']","{'grp_1': 25, 'grp_2': 25, 'grp_3': 25, 'grp_4': 25}","{'grp_1': 25, 'grp_2': 25, 'grp_3': 25, 'grp_4': 25}","{'grp_1': 4, 'grp_2': 4, 'grp_3': 7, 'grp_4': 5}"
BORDA,synthetic-0,1.0,0.0,0.18066602602068382,0.0,0.125,0.4787731008322467,0.4787731008322467,0.036000000000000004,0.05800000000000001,0.08199999999999999,0.106,0.132,"['94', '75', '92', '8', '7', '36', '89', '19', '77', '88', '12', '30', '4', '24', '26', '62', '81', '1', '79', '32']","{'grp_1': 25, 'grp_2': 25, 'grp_3': 25, 'grp_4': 25}","{'grp_1': 25, 'grp_2': 25, 'grp_3': 25, 'grp_4': 25}","{'grp_1': 7, 'grp_2': 4, 'grp_3': 1, 'grp_4': 8}"
EPIRA,synthetic-0,1.0,0.0,0.18066602602068382,0.0,0.125,0.23400003604809722,0.23400003604809722,0.036000000000000004,0.064,0.08199999999999999,0.10600000000000001,0.132,"['94', '75', '36', '8', '7', '92', '89', '62', '77', '88', '19', '30', '12', '4', '26', '24', '81', '1', '79', '32']","{'grp_1': 25, 'grp_2': 25, 'grp_3': 25, 'grp_4': 25}","{'grp_1': 25, 'grp_2': 25, 'grp_3': 25, 'grp_4': 25}","{'grp_1': 7, 'grp_2': 4, 'grp_3': 1, 'grp_4': 8}"
RAPF,synthetic-0,1.0,0.0,0.0,0.0,1.0,0.0,0.0,0.022200000000000004,0.0458,0.07020000000000001,0.093,0.1146,"['78', '55', '45', '20', '13', '79', '57', '31', '97', '7', '51', '36', '16', '77', '72', '38', '17', '86', '67', '47']","{'grp_1': 25, 'grp_2': 25, 'grp_3': 25, 'grp_4': 25}","{'grp_1': 25, 'grp_2': 25, 'grp_3': 25, 'grp_4': 25}","{'grp_1': 5, 'grp_2': 5, 'grp_3': 5, 'grp_4': 5}"
BALANCED-COMMITTEE-ELECTION,synthetic-0,1.0,0.0,0.0,0.0,1.0,0.4360544757527247,0.4360544757527247,0.036000000000000004,0.05800000000000001,0.08199999999999999,0.106,0.124,"['94', '75', '92', '8', '7', '36', '89', '19', '77', '12', '30', '4', '26', '62', '32', '66', '53', '38', '60', '56']","{'grp_1': 25, 'grp_2': 25, 'grp_3': 25, 'grp_4': 25}","{'grp_1': 25, 'grp_2': 25, 'grp_3': 25, 'grp_4': 25}","{'grp_1': 5, 'grp_2': 5, 'grp_3': 5, 'grp_4': 5}"
PREFAIR,synthetic-0,1.0,0.0,0.0,0.0,1.0,0.0,0.0,0.020000000000000004,0.046000000000000006,0.066,0.08,0.09599999999999997,"['56', '32', '97', '10', '54', '26', '80', '13', '67', '46', '78', '4', '71', '38', '94', '19', '74', '33', '89', '3']","{'grp_1': 25, 'grp_2': 25, 'grp_3': 25, 'grp_4': 25}","{'grp_1': 25, 'grp_2': 25, 'grp_3': 25, 'grp_4': 25}","{'grp_1': 5, 'grp_2': 5, 'grp_3': 5, 'grp_4': 5}"
STV,synthetic-0.2,0.2,0.2,0.698152538670387,0.620844853331887,0.0,1.156640417058416,0.5013632830373066,0.38,0.6,0.71,0.8,0.8,"['0', '1', '4', '3', '7', '6', '2', '13', '22', '23', '24', '25', '26', '27', '28', '32', '34', '37', '38', '42']","{'grp_1': 25, 'grp_2': 25, 'grp_3': 25, 'grp_4': 25}","{'grp_1': 25, 'grp_2': 16, 'grp_3': 1, 'grp_4': 0}","{'grp_1': 11, 'grp_2': 9}"
MC4,synthetic-0.2,0.2,0.2,1.0612082778324712,0.620844853331887,0.0,1.3436374364917416,0.6582483096444607,0.2,0.35,0.36,0.44,0.75,"['2', '4', '13', '1', '14', '18', '7', '8', '0', '5', '3', '15', '10', '19', '12', '20', '37', '11', '23', '29']","{'grp_1': 25, 'grp_2': 25, 'grp_3': 25, 'grp_4': 25}","{'grp_1': 25, 'grp_2': 16, 'grp_3': 1, 'grp_4': 0}","{'grp_1': 18, 'grp_2': 2}"
BORDA,synthetic-0.2,0.2,0.2,1.386289780208865,0.620844853331887,0.0,1.386289780208865,0.0,0.38,0.53,0.75,0.82,0.91,"['0', '1', '5', '2', '4', '3', '6', '8', '7', '9', '12', '11', '10', '14', '13', '17', '15', '16', '20', '19']","{'grp_1': 25, 'grp_2': 25, 'grp_3': 25, 'grp_4': 25}","{'grp_1': 25, 'grp_2': 16, 'grp_3': 1, 'grp_4': 0}",{'grp_1': 20}
EPIRA,synthetic-0.2,0.2,0.2,1.386289780208865,0.620844853331887,0.0,1.386289780208865,0.0,0.38,0.53,0.75,0.82,0.91,"['0', '1', '5', '2', '4', '3', '6', '8', '7', '9', '12', '11', '10', '14', '13', '17', '15', '16', '20', '19']","{'grp_1': 25, 'grp_2': 25, 'grp_3': 25, 'grp_4': 25}","{'grp_1': 25, 'grp_2': 16, 'grp_3': 1, 'grp_4': 0}",{'grp_1': 20}
RAPF,synthetic-0.2,0.2,0.2,1.1895084113765644,0.620844853331887,0.0,1.3356338308681877,0.5107281805296766,0.29000000000000004,0.45699999999999996,0.557,0.639,0.748,"['1', '5', '22', '6', '12', '8', '11', '0', '9', '2', '15', '24', '13', '14', '10', '18', '17', '42', '3', '4']","{'grp_1': 25, 'grp_2': 25, 'grp_3': 25, 'grp_4': 25}","{'grp_1': 25, 'grp_2': 16, 'grp_3': 1, 'grp_4': 0}","{'grp_1': 19, 'grp_2': 1}"
BALANCED-COMMITTEE-ELECTION,synthetic-0.2,0.2,0.2,0.9918949026982464,0.620844853331887,0.0,1.3345431697346137,1.0624725887491935,0.38,0.53,0.75,0.82,0.91,"['0', '1', '5', '2', '4', '3', '6', '8', '7', '9', '12', '11', '10', '14', '13', '17', '15', '16', '28', '61']","{'grp_1': 25, 'grp_2': 25, 'grp_3': 25, 'grp_4': 25}","{'grp_1': 25, 'grp_2': 16, 'grp_3': 1, 'grp_4': 0}","{'grp_1': 18, 'grp_2': 1, 'grp_3': 1}"
PREFAIR,synthetic-0.2,0.2,0.2,0.0,0.620844853331887,1.0,0.0,0.0,0.24,0.24,0.38,0.39,0.51,"['0', '92', '61', '25', '1', '93', '53', '27', '4', '77', '63', '37', '3', '91', '54', '38', '7', '98', '66', '46']","{'grp_1': 25, 'grp_2': 25, 'grp_3': 25, 'grp_4': 25}","{'grp_1': 25, 'grp_2': 16, 'grp_3': 1, 'grp_4': 0}","{'grp_1': 5, 'grp_2': 5, 'grp_3': 5, 'grp_4': 5}"
STV,synthetic-0.2,0.4,0.2,0.8858888852221218,0.2804603962746052,0.0,1.286485288800403,0.6152258839605699,0.285,0.475,0.605,0.725,0.745,"['0', '1', '4', '3', '7', '6', '2', '12', '13', '15', '16', '17', '20', '22', '23', '32', '34', '37', '42', '9']","{'grp_1': 25, 'grp_2': 25, 'grp_3': 25, 'grp_4': 25}","{'grp_1': 25, 'grp_2': 25, 'grp_3': 11, 'grp_4': 1}","{'grp_1': 16, 'grp_2': 4}"
MC4,synthetic-0.2,0.4,0.2,1.0612082778324712,0.2804603962746052,0.0,1.3436374364917416,0.6582483096444607,0.2,0.35,0.37,0.44,0.69,"['2', '4', '13', '1', '14', '18', '7', '8', '0', '5', '3', '15', '10', '19', '12', '20', '37', '11', '23', '29']","{'grp_1': 25, 'grp_2': 25, 'grp_3': 25, 'grp_4': 25}","{'grp_1': 25, 'grp_2': 25, 'grp_3': 11, 'grp_4': 1}","{'grp_1': 18, 'grp_2': 2}"
BORDA,synthetic-0.2,0.4,0.2,1.386289780208865,0.2804603962746052,0.0,1.386289780208865,0.0,0.285,0.48,0.67,0.8,0.855,"['0', '1', '5', '2', '4', '3', '6', '7', '8', '9', '11', '12', '10', '13', '14', '17', '16', '20', '18', '15']","{'grp_1': 25, 'grp_2': 25, 'grp_3': 25, 'grp_4': 25}","{'grp_1': 25, 'grp_2': 25, 'grp_3': 11, 'grp_4': 1}",{'grp_1': 20}
EPIRA,synthetic-0.2,0.4,0.2,1.386289780208865,0.2804603962746052,0.0,1.386289780208865,0.0,0.285,0.48,0.67,0.8,0.855,"['0', '1', '5', '2', '4', '3', '6', '7', '8', '9', '11', '12', '10', '13', '14', '17', '16', '20', '18', '15']","{'grp_1': 25, 'grp_2': 25, 'grp_3': 25, 'grp_4': 25}","{'grp_1': 25, 'grp_2': 25, 'grp_3': 11, 'grp_4': 1}",{'grp_1': 20}
RAPF,synthetic-0.2,0.4,0.2,0.7337317003981589,0.2804603962746052,0.0,0.7416283480521312,0.1574587723212247,0.2015,0.2725,0.37050000000000005,0.46349999999999997,0.5635000000000001,"['28', '5', '2', '1', '7', '27', '43', '3', '0', '9', '29', '20', '11', '25', '14', '32', '8', '10', '33', '4']","{'grp_1': 25, 'grp_2': 25, 'grp_3': 25, 'grp_4': 25}","{'grp_1': 25, 'grp_2': 25, 'grp_3': 11, 'grp_4': 1}","{'grp_1': 13, 'grp_2': 7}"
BALANCED-COMMITTEE-ELECTION,synthetic-0.2,0.4,0.2,0.7987930695600785,0.2804603962746052,0.05882352941176471,1.309207228749945,1.309207228749945,0.285,0.48,0.67,0.8,0.855,"['0', '1', '5', '2', '4', '3', '6', '7', '8', '9', '11', '12', '10', '13', '14', '17', '16', '27', '52', '76']","{'grp_1': 25, 'grp_2': 25, 'grp_3': 25, 'grp_4': 25}","{'grp_1': 25, 'grp_2': 25, 'grp_3': 11, 'grp_4': 1}","{'grp_1': 17, 'grp_2': 1, 'grp_3': 1, 'grp_4': 1}"
PREFAIR,synthetic-0.2,0.4,0.2,0.0,0.2804603962746052,1.0,0.0,0.0,0.15,0.155,0.29,0.29,0.395,"['0', '91', '63', '28', '1', '81', '66', '29', '4', '93', '61', '32', '3', '85', '55', '34', '7', '75', '54', '47']","{'grp_1': 25, 'grp_2': 25, 'grp_3': 25, 'grp_4': 25}","{'grp_1': 25, 'grp_2': 25, 'grp_3': 11, 'grp_4': 1}","{'grp_1': 5, 'grp_2': 5, 'grp_3': 5, 'grp_4': 5}"
STV,synthetic-0.2,0.6,0.2,1.0612082778324712,0.14293330967859103,0.0,1.3436374364917416,0.6582483096444607,0.22666666666666666,0.3933333333333333,0.5166666666666666,0.6366666666666666,0.67,"['0', '1', '4', '3', '7', '6', '2', '12', '13', '15', '16', '17', '18', '20', '21', '23', '24', '28', '29', '9']","{'grp_1': 25, 'grp_2': 25, 'grp_3': 25, 'grp_4': 25}","{'grp_1': 25, 'grp_2': 25, 'grp_3': 25, 'grp_4': 4}","{'grp_1': 18, 'grp_2': 2}"
MC4,synthetic-0.2,0.6,0.2,1.0612082778324712,0.14293330967859103,0.0,1.3436374364917416,0.6582483096444607,0.17666666666666664,0.31,0.35,0.45,0.6566666666666666,"['2', '4', '13', '1', '14', '18', '7', '8', '0', '5', '3', '15', '10', '19', '12', '20', '37', '11', '23', '29']","{'grp_1': 25, 'grp_2': 25, 'grp_3': 25, 'grp_4': 25}","{'grp_1': 25, 'grp_2': 25, 'grp_3': 25, 'grp_4': 4}","{'grp_1': 18, 'grp_2': 2}"
BORDA,synthetic-0.2,0.6,0.2,1.386289780208865,0.14293330967859103,0.0,1.386289780208865,0.0,0.22666666666666666,0.41,0.5766666666666667,0.7,0.7766666666666666,"['0', '1', '5', '2', '4', '3', '6', '7', '8', '9', '11', '12', '10', '13', '14', '17', '16', '20', '15', '18']","{'grp_1': 25, 'grp_2': 25, 'grp_3': 25, 'grp_4': 25}","{'grp_1': 25, 'grp_2': 25, 'grp_3': 25, 'grp_4': 4}",{'grp_1': 20}
EPIRA,synthetic-0.2,0.6,0.2,1.386289780208865,0.14293330967859103,0.0,1.386289780208865,0.0,0.22666666666666666,0.41,0.5766666666666667,0.7,0.7766666666666666,"['0', '1', '5', '2', '4', '3', '6', '7', '8', '9', '11', '12', '10', '13', '14', '17', '16', '20', '15', '18']","{'grp_1': 25, 'grp_2': 25, 'grp_3': 25, 'grp_4': 25}","{'grp_1': 25, 'grp_2': 25, 'grp_3': 25, 'grp_4': 4}",{'grp_1': 20}
RAPF,synthetic-0.2,0.6,0.2,0.36315450739614796,0.14293330967859103,0.0,0.38825464544140853,0.09024573335380916,0.098,0.15633333333333332,0.20833333333333331,0.27066666666666667,0.35899999999999993,"['58', '3', '28', '5', '30', '4', '72', '26', '27', '18', '7', '39', '60', '47', '22', '0', '31', '10', '53', '29']","{'grp_1': 25, 'grp_2': 25, 'grp_3': 25, 'grp_4': 25}","{'grp_1': 25, 'grp_2': 25, 'grp_3': 25, 'grp_4': 4}","{'grp_1': 8, 'grp_2': 8, 'grp_3': 4}"
BALANCED-COMMITTEE-ELECTION,synthetic-0.2,0.6,0.2,0.05411530096707346,0.14293330967859103,0.5,0.9516920033586475,0.9516920033586475,0.22666666666666666,0.41,0.5766666666666667,0.7,0.7033333333333333,"['0', '1', '5', '2', '4', '3', '6', '7', '27', '25', '28', '26', '51', '50', '52', '53', '76', '77', '79', '81']","{'grp_1': 25, 'grp_2': 25, 'grp_3': 25, 'grp_4': 25}","{'grp_1': 25, 'grp_2': 25, 'grp_3': 25, 'grp_4': 4}","{'grp_1': 8, 'grp_2': 4, 'grp_3': 4, 'grp_4': 4}"
PREFAIR,synthetic-0.2,0.6,0.2,0.0,0.14293330967859103,1.0,0.0,0.0,0.11666666666666668,0.11666666666666668,0.22666666666666666,0.23666666666666664,0.32,"['0', '93', '54', '25', '1', '85', '51', '28', '4', '80', '61', '29', '3', '78', '52', '33', '7', '75', '50', '38']","{'grp_1': 25, 'grp_2': 25, 'grp_3': 25, 'grp_4': 25}","{'grp_1': 25, 'grp_2': 25, 'grp_3': 25, 'grp_4': 4}","{'grp_1': 5, 'grp_2': 5, 'grp_3': 5, 'grp_4': 5}"
STV,synthetic-0.2,0.8,0.2,1.0612082778324712,0.0,0.0,1.3436374364917416,0.6582483096444607,0.2,0.3525,0.475,0.595,0.6325,"['0', '1', '4', '3', '7', '6', '2', '12', '13', '15', '16', '17', '18', '20', '21', '23', '24', '28', '29', '9']","{'grp_1': 25, 'grp_2': 25, 'grp_3': 25, 'grp_4': 25}","{'grp_1': 25, 'grp_2': 25, 'grp_3': 25, 'grp_4': 25}","{'grp_1': 18, 'grp_2': 2}"
MC4,synthetic-0.2,0.8,0.2,1.0612082778324712,0.0,0.0,1.3436374364917416,0.6582483096444607,0.17,0.2925,0.3325,0.4325,0.6225,"['2', '4', '13', '1', '14', '18', '7', '8', '0', '5', '3', '15', '10', '19', '12', '20', '37', '11', '23', '29']","{'grp_1': 25, 'grp_2': 25, 'grp_3': 25, 'grp_4': 25}","{'grp_1': 25, 'grp_2': 25, 'grp_3': 25, 'grp_4': 25}","{'grp_1': 18, 'grp_2': 2}"
BORDA,synthetic-0.2,0.8,0.2,1.386289780208865,0.0,0.0,1.386289780208865,0.0,0.2,0.3775,0.53,0.6525,0.735,"['0', '1', '5', '2', '4', '3', '6', '7', '8', '9', '11', '12', '10', '13', '14', '17', '16', '20', '15', '18']","{'grp_1': 25, 'grp_2': 25, 'grp_3': 25, 'grp_4': 25}","{'grp_1': 25, 'grp_2': 25, 'grp_3': 25, 'grp_4': 25}",{'grp_1': 20}
EPIRA,synthetic-0.2,0.8,0.2,1.386289780208865,0.0,0.0,1.386289780208865,0.0,0.2,0.3775,0.53,0.6525,0.735,"['0', '1', '5', '2', '4', '3', '6', '7', '8', '9', '11', '12', '10', '13', '14', '17', '16', '20', '15', '18']","{'grp_1': 25, 'grp_2': 25, 'grp_3': 25, 'grp_4': 25}","{'grp_1': 25, 'grp_2': 25, 'grp_3': 25, 'grp_4': 25}",{'grp_1': 20}
RAPF,synthetic-0.2,0.8,0.2,0.09316612103040221,0.0,0.2619047619047619,0.10980130238541183,0.10980130238541183,0.059750000000000004,0.11174999999999999,0.155,0.20600000000000002,0.23149999999999998,"['26', '6', '50', '34', '7', '51', '3', '57', '29', '10', '83', '33', '0', '53', '56', '28', '2', '25', '91', '52']","{'grp_1': 25, 'grp_2': 25, 'grp_3': 25, 'grp_4': 25}","{'grp_1': 25, 'grp_2': 25, 'grp_3': 25, 'grp_4': 25}","{'grp_1': 6, 'grp_2': 6, 'grp_3': 6, 'grp_4': 2}"
BALANCED-COMMITTEE-ELECTION,synthetic-0.2,0.8,0.2,0.0,0.0,1.0,0.703885550281976,0.703885550281976,0.2,0.3775,0.4575,0.47,0.47,"['0', '1', '5', '2', '4', '27', '25', '28', '26', '29', '50', '51', '52', '53', '54', '75', '76', '77', '79', '78']","{'grp_1': 25, 'grp_2': 25, 'grp_3': 25, 'grp_4': 25}","{'grp_1': 25, 'grp_2': 25, 'grp_3': 25, 'grp_4': 25}","{'grp_1': 5, 'grp_2': 5, 'grp_3': 5, 'grp_4': 5}"
PREFAIR,synthetic-0.2,0.8,0.2,0.0,0.0,1.0,0.0,0.0,0.105,0.11,0.205,0.2125,0.29,"['0', '79', '51', '25', '1', '78', '50', '28', '4', '77', '61', '29', '3', '76', '53', '33', '7', '75', '52', '38']","{'grp_1': 25, 'grp_2': 25, 'grp_3': 25, 'grp_4': 25}","{'grp_1': 25, 'grp_2': 25, 'grp_3': 25, 'grp_4': 25}","{'grp_1': 5, 'grp_2': 5, 'grp_3': 5, 'grp_4': 5}"
STV,synthetic-0.2,1.0,0.2,1.0612082778324712,0.0,0.0,1.3436374364917416,0.6582483096444607,0.176,0.32,0.44,0.56,0.6000000000000001,"['0', '1', '4', '3', '7', '6', '2', '12', '13', '15', '16', '17', '18', '20', '21', '23', '24', '28', '29', '9']","{'grp_1': 25, 'grp_2': 25, 'grp_3': 25, 'grp_4': 25}","{'grp_1': 25, 'grp_2': 25, 'grp_3': 25, 'grp_4': 25}","{'grp_1': 18, 'grp_2': 2}"
MC4,synthetic-0.2,1.0,0.2,1.0612082778324712,0.0,0.0,1.3436374364917416,0.6582483096444607,0.154,0.264,0.30399999999999994,0.414,0.59,"['2', '4', '13', '1', '14', '18', '7', '8', '0', '5', '3', '15', '10', '19', '12', '20', '37', '11', '23', '29']","{'grp_1': 25, 'grp_2': 25, 'grp_3': 25, 'grp_4': 25}","{'grp_1': 25, 'grp_2': 25, 'grp_3': 25, 'grp_4': 25}","{'grp_1': 18, 'grp_2': 2}"
BORDA,synthetic-0.2,1.0,0.2,1.386289780208865,0.0,0.0,1.386289780208865,0.0,0.176,0.3399999999999999,0.484,0.604,0.7040000000000001,"['0', '1', '5', '2', '4', '3', '6', '7', '8', '9', '11', '12', '10', '13', '14', '17', '16', '20', '15', '18']","{'grp_1': 25, 'grp_2': 25, 'grp_3': 25, 'grp_4': 25}","{'grp_1': 25, 'grp_2': 25, 'grp_3': 25, 'grp_4': 25}",{'grp_1': 20}
EPIRA,synthetic-0.2,1.0,0.2,1.386289780208865,0.0,0.0,1.386289780208865,0.0,0.176,0.3399999999999999,0.484,0.604,0.7040000000000001,"['0', '1', '5', '2', '4', '3', '6', '7', '8', '9', '11', '12', '10', '13', '14', '17', '16', '20', '15', '18']","{'grp_1': 25, 'grp_2': 25, 'grp_3': 25, 'grp_4': 25}","{'grp_1': 25, 'grp_2': 25, 'grp_3': 25, 'grp_4': 25}",{'grp_1': 20}
RAPF,synthetic-0.2,1.0,0.2,0.0,0.0,1.0,0.0,0.0,0.0488,0.06500000000000002,0.10319999999999999,0.13720000000000002,0.17740000000000003,"['90', '6', '51', '36', '8', '75', '53', '27', '86', '61', '35', '2', '81', '55', '5', '39', '24', '25', '78', '52']","{'grp_1': 25, 'grp_2': 25, 'grp_3': 25, 'grp_4': 25}","{'grp_1': 25, 'grp_2': 25, 'grp_3': 25, 'grp_4': 25}","{'grp_1': 5, 'grp_2': 5, 'grp_3': 5, 'grp_4': 5}"
BALANCED-COMMITTEE-ELECTION,synthetic-0.2,1.0,0.2,0.0,0.0,1.0,0.703885550281976,0.703885550281976,0.176,0.3399999999999999,0.4159999999999999,0.42999999999999994,0.43399999999999994,"['0', '1', '5', '2', '4', '27', '25', '28', '26', '29', '50', '51', '52', '53', '54', '76', '75', '77', '79', '80']","{'grp_1': 25, 'grp_2': 25, 'grp_3': 25, 'grp_4': 25}","{'grp_1': 25, 'grp_2': 25, 'grp_3': 25, 'grp_4': 25}","{'grp_1': 5, 'grp_2': 5, 'grp_3': 5, 'grp_4': 5}"
PREFAIR,synthetic-0.2,1.0,0.2,0.0,0.0,1.0,0.0,0.0,0.09399999999999999,0.09999999999999998,0.182,0.19,0.262,"['0', '80', '51', '25', '1', '79', '50', '28', '4', '77', '61', '29', '3', '76', '53', '33', '7', '75', '52', '38']","{'grp_1': 25, 'grp_2': 25, 'grp_3': 25, 'grp_4': 25}","{'grp_1': 25, 'grp_2': 25, 'grp_3': 25, 'grp_4': 25}","{'grp_1': 5, 'grp_2': 5, 'grp_3': 5, 'grp_4': 5}"
STV,synthetic-0.4,0.2,0.4,0.8239561800019998,0.8324330930562479,0.0,1.18172818679025,0.526605338104936,0.52,0.82,0.82,0.82,0.83,"['0', '1', '2', '3', '18', '22', '13', '12', '17', '14', '15', '36', '11', '25', '26', '27', '28', '4', '5', '8']","{'grp_1': 25, 'grp_2': 25, 'grp_3': 25, 'grp_4': 25}","{'grp_1': 25, 'grp_2': 8, 'grp_3': 0, 'grp_4': 0}","{'grp_1': 15, 'grp_2': 5}"
MC4,synthetic-0.4,0.2,0.4,1.1877759439701006,0.8324330930562479,0.0,1.3602437569378854,0.6663006443246384,0.34,0.67,0.67,0.74,0.97,"['1', '3', '7', '0', '9', '11', '5', '6', '2', '4', '8', '13', '12', '16', '14', '17', '26', '15', '20', '23']","{'grp_1': 25, 'grp_2': 25, 'grp_3': 25, 'grp_4': 25}","{'grp_1': 25, 'grp_2': 8, 'grp_3': 0, 'grp_4': 0}","{'grp_1': 19, 'grp_2': 1}"
BORDA,synthetic-0.4,0.2,0.4,1.386289780208865,0.8324330930562479,0.0,1.386289780208865,0.0,0.52,0.82,0.93,0.97,0.98,"['0', '1', '2', '3', '4', '5', '6', '7', '9', '8', '10', '11', '12', '13', '14', '15', '17', '16', '18', '19']","{'grp_1': 25, 'grp_2': 25, 'grp_3': 25, 'grp_4': 25}","{'grp_1': 25, 'grp_2': 8, 'grp_3': 0, 'grp_4': 0}",{'grp_1': 20}
EPIRA,synthetic-0.4,0.2,0.4,1.386289780208865,0.8324330930562479,0.0,1.386289780208865,0.0,0.52,0.82,0.93,0.97,0.98,"['0', '1', '2', '3', '4', '5', '6', '7', '9', '8', '10', '11', '12', '13', '14', '15', '17', '16', '18', '19']","{'grp_1': 25, 'grp_2': 25, 'grp_3': 25, 'grp_4': 25}","{'grp_1': 25, 'grp_2': 8, 'grp_3': 0, 'grp_4': 0}",{'grp_1': 20}
RAPF,synthetic-0.4,0.2,0.4,1.3664383965849882,0.8324330930562478,0.0,1.3836851778817667,0.06805160006498936,0.37,0.6010000000000001,0.74,0.8869999999999999,0.908,"['0', '4', '1', '2', '5', '3', '7', '8', '17', '9', '6', '12', '10', '14', '11', '15', '21', '16', '19', '24']","{'grp_1': 25, 'grp_2': 25, 'grp_3': 25, 'grp_4': 25}","{'grp_1': 25, 'grp_2': 8, 'grp_3': 0, 'grp_4': 0}",{'grp_1': 20}
BALANCED-COMMITTEE-ELECTION,synthetic-0.4,0.2,0.4,0.7132796822975537,0.8324330930562479,0.0,1.2158482971024975,0.539025385549347,0.52,0.82,0.93,0.97,0.98,"['0', '1', '2', '3', '4', '5', '6', '7', '9', '8', '10', '11', '25', '26', '36', '29', '28', '27', '32', '30']","{'grp_1': 25, 'grp_2': 25, 'grp_3': 25, 'grp_4': 25}","{'grp_1': 25, 'grp_2': 8, 'grp_3': 0, 'grp_4': 0}","{'grp_1': 12, 'grp_2': 8}"
PREFAIR,synthetic-0.4,0.2,0.4,0.0,0.8324330930562479,1.0,0.0,0.0,0.32,0.32,0.52,0.52,0.68,"['0', '77', '63', '27', '1', '93', '53', '28', '2', '86', '56', '29', '3', '91', '71', '35', '18', '85', '55', '46']","{'grp_1': 25, 'grp_2': 25, 'grp_3': 25, 'grp_4': 25}","{'grp_1': 25, 'grp_2': 8, 'grp_3': 0, 'grp_4': 0}","{'grp_1': 5, 'grp_2': 5, 'grp_3': 5, 'grp_4': 5}"
STV,synthetic-0.4,0.4,0.4,0.6402600652431741,0.5567814284352103,0.0,1.126203288045713,0.8416579215633254,0.385,0.68,0.68,0.68,0.69,"['0', '1', '2', '3', '18', '22', '13', '12', '17', '14', '15', '37', '32', '53', '49', '46', '43', '21', '4', '5']","{'grp_1': 25, 'grp_2': 25, 'grp_3': 25, 'grp_4': 25}","{'grp_1': 25, 'grp_2': 25, 'grp_3': 2, 'grp_4': 0}","{'grp_1': 14, 'grp_2': 5, 'grp_3': 1}"
MC4,synthetic-0.4,0.4,0.4,1.1877759439701006,0.5567814284352103,0.0,1.3602437569378854,0.6663006443246384,0.32,0.56,0.575,0.68,0.94,"['1', '3', '7', '0', '9', '11', '5', '6', '2', '4', '8', '13', '12', '16', '14', '17', '26', '15', '20', '23']","{'grp_1': 25, 'grp_2': 25, 'grp_3': 25, 'grp_4': 25}","{'grp_1': 25, 'grp_2': 25, 'grp_3': 2, 'grp_4': 0}","{'grp_1': 19, 'grp_2': 1}"
BORDA,synthetic-0.4,0.4,0.4,1.386289780208865,0.5567814284352103,0.0,1.386289780208865,0.0,0.385,0.68,0.845,0.925,0.95,"['0', '1', '2', '3', '4', '5', '6', '7', '9', '8', '10', '11', '12', '13', '14', '15', '16', '17', '18', '19']","{'grp_1': 25, 'grp_2': 25, 'grp_3': 25, 'grp_4': 25}","{'grp_1': 25, 'grp_2': 25, 'grp_3': 2, 'grp_4': 0}",{'grp_1': 20}
EPIRA,synthetic-0.4,0.4,0.4,1.386289780208865,0.5567814284352103,0.0,1.386289780208865,0.0,0.385,0.68,0.845,0.925,0.95,"['0', '1', '2', '3', '4', '5', '6', '7', '9', '8', '10', '11', '12', '13', '14', '15', '16', '17', '18', '19']","{'grp_1': 25, 'grp_2': 25, 'grp_3': 25, 'grp_4': 25}","{'grp_1': 25, 'grp_2': 25, 'grp_3': 2, 'grp_4': 0}",{'grp_1': 20}
RAPF,synthetic-0.4,0.4,0.4,0.7388447049233102,0.5567814284352102,0.0,0.7541615635190404,0.13689874230000626,0.259,0.4415,0.5599999999999999,0.6709999999999999,0.784,"['28', '3', '4', '1', '6', '25', '0', '27', '31', '2', '8', '7', '10', '29', '5', '26', '9', '14', '32', '11']","{'grp_1': 25, 'grp_2': 25, 'grp_3': 25, 'grp_4': 25}","{'grp_1': 25, 'grp_2': 25, 'grp_3': 2, 'grp_4': 0}","{'grp_1': 13, 'grp_2': 7}"
BALANCED-COMMITTEE-ELECTION,synthetic-0.4,0.4,0.4,0.7472608613465455,0.5567814284352103,0.0,1.3024459413769063,1.005902859999692,0.385,0.68,0.845,0.925,0.95,"['0', '1', '2', '3', '4', '5', '6', '7', '9', '8', '10', '11', '12', '13', '14', '15', '25', '26', '53', '51']","{'grp_1': 25, 'grp_2': 25, 'grp_3': 25, 'grp_4': 25}","{'grp_1': 25, 'grp_2': 25, 'grp_3': 2, 'grp_4': 0}","{'grp_1': 16, 'grp_2': 2, 'grp_3': 2}"
PREFAIR,synthetic-0.4,0.4,0.4,0.0,0.5567814284352103,1.0,0.0,0.0,0.205,0.205,0.385,0.385,0.54,"['0', '42', '53', '83', '1', '37', '71', '86', '2', '35', '63', '87', '3', '34', '55', '90', '18', '49', '57', '93']","{'grp_1': 25, 'grp_2': 25, 'grp_3': 25, 'grp_4': 25}","{'grp_1': 25, 'grp_2': 25, 'grp_3': 2, 'grp_4': 0}","{'grp_1': 5, 'grp_2': 5, 'grp_3': 5, 'grp_4': 5}"
STV,synthetic-0.4,0.6,0.4,0.5844742244149397,0.29291815507120844,0.0,1.1110049248478675,0.8267680959633227,0.2866666666666667,0.55,0.5533333333333333,0.56,0.57,"['0', '1', '2', '3', '18', '22', '13', '12', '17', '14', '15', '37', '32', '53', '50', '48', '46', '21', '4', '5']","{'grp_1': 25, 'grp_2': 25, 'grp_3': 25, 'grp_4': 25}","{'grp_1': 25, 'grp_2': 25, 'grp_3': 20, 'grp_4': 0}","{'grp_1': 14, 'grp_2': 4, 'grp_3': 2}"
MC4,synthetic-0.4,0.6,0.4,1.1877759439701006,0.29291815507120844,0.0,1.3602437569378854,0.6663006443246384,0.26,0.45,0.51,0.6566666666666666,0.8966666666666667,"['1', '3', '7', '0', '9', '11', '5', '6', '2', '4', '8', '13', '12', '16', '14', '17', '26', '15', '20', '23']","{'grp_1': 25, 'grp_2': 25, 'grp_3': 25, 'grp_4': 25}","{'grp_1': 25, 'grp_2': 25, 'grp_3': 20, 'grp_4': 0}","{'grp_1': 19, 'grp_2': 1}"
BORDA,synthetic-0.4,0.6,0.4,1.386289780208865,0.29291815507120844,0.0,1.386289780208865,0.0,0.2866666666666667,0.55,0.7400000000000001,0.8366666666666667,0.9133333333333334,"['0', '1', '2', '3', '4', '5', '6', '7', '9', '8', '10', '11', '12', '13', '14', '15', '16', '17', '18', '19']","{'grp_1': 25, 'grp_2': 25, 'grp_3': 25, 'grp_4': 25}","{'grp_1': 25, 'grp_2': 25, 'grp_3': 20, 'grp_4': 0}",{'grp_1': 20}
EPIRA,synthetic-0.4,0.6,0.4,1.386289780208865,0.29291815507120844,0.0,1.386289780208865,0.0,0.2866666666666667,0.55,0.7400000000000001,0.8366666666666667,0.9133333333333334,"['0', '1', '2', '3', '4', '5', '6', '7', '9', '8', '10', '11', '12', '13', '14', '15', '16', '17', '18', '19']","{'grp_1': 25, 'grp_2': 25, 'grp_3': 25, 'grp_4': 25}","{'grp_1': 25, 'grp_2': 25, 'grp_3': 20, 'grp_4': 0}",{'grp_1': 20}
RAPF,synthetic-0.4,0.6,0.4,0.3714293491340937,0.29291815507120844,0.0,0.4001768097502998,0.14096011145754242,0.1,0.2513333333333333,0.3513333333333334,0.4253333333333333,0.5043333333333333,"['0', '51', '27', '36', '2', '29', '4', '1', '53', '30', '3', '25', '54', '8', '26', '7', '34', '28', '5', '52']","{'grp_1': 25, 'grp_2': 25, 'grp_3': 25, 'grp_4': 25}","{'grp_1': 25, 'grp_2': 25, 'grp_3': 20, 'grp_4': 0}","{'grp_1': 8, 'grp_2': 8, 'grp_3': 4}"
BALANCED-COMMITTEE-ELECTION,synthetic-0.4,0.6,0.4,0.2902255450194747,0.29291815507120844,0.0,0.9030551123746949,0.645486618156711,0.2866666666666667,0.55,0.7400000000000001,0.7966666666666667,0.7966666666666667,"['0', '1', '2', '3', '4', '5', '6', '25', '26', '27', '28', '29', '31', '30', '50', '51', '52', '53', '54', '55']","{'grp_1': 25, 'grp_2': 25, 'grp_3': 25, 'grp_4': 25}","{'grp_1': 25, 'grp_2': 25, 'grp_3': 20, 'grp_4': 0}","{'grp_1': 7, 'grp_2': 7, 'grp_3': 6}"
PREFAIR,synthetic-0.4,0.6,0.4,0.0,0.29291815507120844,1.0,0.0,0.0,0.15,0.15,0.2866666666666667,0.2866666666666667,0.42666666666666664,"['0', '42', '59', '75', '1', '37', '55', '78', '2', '35', '53', '80', '3', '34', '51', '85', '18', '48', '50', '93']","{'grp_1': 25, 'grp_2': 25, 'grp_3': 25, 'grp_4': 25}","{'grp_1': 25, 'grp_2': 25, 'grp_3': 20, 'grp_4': 0}","{'grp_1': 5, 'grp_2': 5, 'grp_3': 5, 'grp_4': 5}"
STV,synthetic-0.4,0.8,0.4,0.5844742244149397,0.012117884444973297,0.0,1.1110049248478675,0.8267680959633227,0.235,0.465,0.4675,0.485,0.4975,"['0', '1', '2', '3', '18', '22', '13', '12', '17', '14', '15', '37', '32', '53', '50', '48', '46', '21', '4', '5']","{'grp_1': 25, 'grp_2': 25, 'grp_3': 25, 'grp_4': 25}","{'grp_1': 25, 'grp_2': 25, 'grp_3': 25, 'grp_4': 17}","{'grp_1': 14, 'grp_2': 4, 'grp_3': 2}"
MC4,synthetic-0.4,0.8,0.4,1.1877759439701006,0.012117884444973297,0.0,1.3602437569378854,0.6663006443246384,0.23,0.42,0.4875,0.65,0.8625,"['1', '3', '7', '0', '9', '11', '5', '6', '2', '4', '8', '13', '12', '16', '14', '17', '26', '15', '20', '23']","{'grp_1': 25, 'grp_2': 25, 'grp_3': 25, 'grp_4': 25}","{'grp_1': 25, 'grp_2': 25, 'grp_3': 25, 'grp_4': 17}","{'grp_1': 19, 'grp_2': 1}"
BORDA,synthetic-0.4,0.8,0.4,1.386289780208865,0.012117884444973297,0.0,1.386289780208865,0.0,0.235,0.465,0.65,0.795,0.8925,"['0', '1', '2', '3', '4', '5', '6', '7', '9', '8', '10', '11', '12', '13', '14', '15', '16', '17', '18', '19']","{'grp_1': 25, 'grp_2': 25, 'grp_3': 25, 'grp_4': 25}","{'grp_1': 25, 'grp_2': 25, 'grp_3': 25, 'grp_4': 17}",{'grp_1': 20}
EPIRA,synthetic-0.4,0.8,0.4,1.386289780208865,0.012117884444973297,0.0,1.386289780208865,0.0,0.235,0.465,0.65,0.795,0.8925,"['0', '1', '2', '3', '4', '5', '6', '7', '9', '8', '10', '11', '12', '13', '14', '15', '16', '17', '18', '19']","{'grp_1': 25, 'grp_2': 25, 'grp_3': 25, 'grp_4': 25}","{'grp_1': 25, 'grp_2': 25, 'grp_3': 25, 'grp_4': 17}",{'grp_1': 20}
RAPF,synthetic-0.4,0.8,0.4,0.1244184486062998,0.012117884444973298,0.20000000000000004,0.23453316350955103,0.23453316350955103,0.046,0.17224999999999996,0.21825,0.31649999999999995,0.33999999999999997,"['2', '50', '28', '0', '26', '51', '1', '76', '56', '27', '29', '5', '25', '52', '4', '77', '54', '9', '53', '32']","{'grp_1': 25, 'grp_2': 25, 'grp_3': 25, 'grp_4': 25}","{'grp_1': 25, 'grp_2': 25, 'grp_3': 25, 'grp_4': 17}","{'grp_1': 6, 'grp_2': 6, 'grp_3': 6, 'grp_4': 2}"
BALANCED-COMMITTEE-ELECTION,synthetic-0.4,0.8,0.4,0.0,0.012117884444973297,1.0,0.703885550281976,0.703885550281976,0.235,0.465,0.5625,0.5625,0.5625,"['0', '1', '2', '3', '4', '25', '26', '27', '28', '29', '50', '51', '52', '53', '54', '75', '76', '78', '77', '79']","{'grp_1': 25, 'grp_2': 25, 'grp_3': 25, 'grp_4': 25}","{'grp_1': 25, 'grp_2': 25, 'grp_3': 25, 'grp_4': 17}","{'grp_1': 5, 'grp_2': 5, 'grp_3': 5, 'grp_4': 5}"
PREFAIR,synthetic-0.4,0.8,0.4,0.0,0.012117884444973297,1.0,0.0,0.0,0.12,0.12,0.235,0.235,0.35,"['0', '42', '59', '79', '1', '37', '55', '81', '2', '35', '53', '82', '3', '34', '51', '83', '18', '48', '50', '84']","{'grp_1': 25, 'grp_2': 25, 'grp_3': 25, 'grp_4': 25}","{'grp_1': 25, 'grp_2': 25, 'grp_3': 25, 'grp_4': 17}","{'grp_1': 5, 'grp_2': 5, 'grp_3': 5, 'grp_4': 5}"
STV,synthetic-0.4,1.0,0.4,0.5844742244149397,0.0,0.0,1.1110049248478675,0.8267680959633227,0.19199999999999995,0.3819999999999999,0.38599999999999995,0.42399999999999993,0.44599999999999995,"['0', '1', '2', '3', '18', '22', '13', '12', '17', '14', '15', '37', '32', '53', '50', '48', '46', '21', '4', '5']","{'grp_1': 25, 'grp_2': 25, 'grp_3': 25, 'grp_4': 25}","{'grp_1': 25, 'grp_2': 25, 'grp_3': 25, 'grp_4': 25}","{'grp_1': 14, 'grp_2': 4, 'grp_3': 2}"
MC4,synthetic-0.4,1.0,0.4,1.1877759439701006,0.0,0.0,1.3602437569378854,0.6663006443246384,0.18799999999999997,0.3619999999999999,0.452,0.6140000000000001,0.8,"['1', '3', '7', '0', '9', '11', '5', '6', '2', '4', '8', '13', '12', '16', '14', '17', '26', '15', '20', '23']","{'grp_1': 25, 'grp_2': 25, 'grp_3': 25, 'grp_4': 25}","{'grp_1': 25, 'grp_2': 25, 'grp_3': 25, 'grp_4': 25}","{'grp_1': 19, 'grp_2': 1}"
BORDA,synthetic-0.4,1.0,0.4,1.386289780208865,0.0,0.0,1.386289780208865,0.0,0.19199999999999995,0.3819999999999999,0.556,0.7100000000000002,0.828,"['0', '1', '2', '3', '4', '5', '6', '7', '9', '8', '10', '11', '12', '13', '14', '15', '16', '17', '18', '19']","{'grp_1': 25, 'grp_2': 25, 'grp_3': 25, 'grp_4': 25}","{'grp_1': 25, 'grp_2': 25, 'grp_3': 25, 'grp_4': 25}",{'grp_1': 20}
EPIRA,synthetic-0.4,1.0,0.4,1.386289780208865,0.0,0.0,1.386289780208865,0.0,0.19199999999999995,0.3819999999999999,0.556,0.7100000000000002,0.828,"['0', '1', '2', '3', '4', '5', '6', '7', '9', '8', '10', '11', '12', '13', '14', '15', '16', '17', '18', '19']","{'grp_1': 25, 'grp_2': 25, 'grp_3': 25, 'grp_4': 25}","{'grp_1': 25, 'grp_2': 25, 'grp_3': 25, 'grp_4': 25}",{'grp_1': 20}
RAPF,synthetic-0.4,1.0,0.4,0.0,0.0,1.0,0.0,0.0,0.07679999999999998,0.09539999999999997,0.14219999999999997,0.18759999999999993,0.2386,"['1', '77', '53', '33', '0', '76', '55', '28', '81', '7', '52', '26', '2', '75', '54', '25', '79', '50', '3', '27']","{'grp_1': 25, 'grp_2': 25, 'grp_3': 25, 'grp_4': 25}","{'grp_1': 25, 'grp_2': 25, 'grp_3': 25, 'grp_4': 25}","{'grp_1': 5, 'grp_2': 5, 'grp_3': 5, 'grp_4': 5}"
BALANCED-COMMITTEE-ELECTION,synthetic-0.4,1.0,0.4,0.0,0.0,1.0,0.703885550281976,0.703885550281976,0.19199999999999995,0.3819999999999999,0.47200000000000003,0.47200000000000003,0.47200000000000003,"['0', '1', '2', '3', '4', '25', '26', '27', '28', '29', '50', '51', '52', '53', '54', '75', '76', '77', '78', '79']","{'grp_1': 25, 'grp_2': 25, 'grp_3': 25, 'grp_4': 25}","{'grp_1': 25, 'grp_2': 25, 'grp_3': 25, 'grp_4': 25}","{'grp_1': 5, 'grp_2': 5, 'grp_3': 5, 'grp_4': 5}"
PREFAIR,synthetic-0.4,1.0,0.4,0.0,0.0,1.0,0.0,0.0,0.09799999999999998,0.09799999999999998,0.19199999999999995,0.19199999999999995,0.28800000000000003,"['0', '42', '59', '75', '1', '37', '55', '78', '2', '35', '53', '80', '3', '34', '51', '81', '18', '48', '50', '83']","{'grp_1': 25, 'grp_2': 25, 'grp_3': 25, 'grp_4': 25}","{'grp_1': 25, 'grp_2': 25, 'grp_3': 25, 'grp_4': 25}","{'grp_1': 5, 'grp_2': 5, 'grp_3': 5, 'grp_4': 5}"
STV,synthetic-0.6,0.2,0.6,1.1877759439701006,1.1222391722277965,0.0,1.3602437569378854,0.6805160006498937,0.63,0.92,0.93,0.94,0.94,"['0', '1', '3', '2', '13', '9', '7', '22', '18', '15', '5', '20', '8', '11', '23', '24', '19', '21', '26', '17']","{'grp_1': 25, 'grp_2': 25, 'grp_3': 25, 'grp_4': 25}","{'grp_1': 25, 'grp_2': 2, 'grp_3': 0, 'grp_4': 0}","{'grp_1': 19, 'grp_2': 1}"
MC4,synthetic-0.6,0.2,0.6,1.386289780208865,1.1222391722277965,0.0,1.386289780208865,0.0,0.48,0.8,0.82,0.86,1.0,"['0', '2', '5', '1', '7', '9', '4', '6', '3', '8', '10', '12', '11', '15', '14', '16', '23', '13', '19', '22']","{'grp_1': 25, 'grp_2': 25, 'grp_3': 25, 'grp_4': 25}","{'grp_1': 25, 'grp_2': 2, 'grp_3': 0, 'grp_4': 0}",{'grp_1': 20}
BORDA,synthetic-0.6,0.2,0.6,1.386289780208865,1.1222391722277965,0.0,1.386289780208865,0.0,0.63,0.92,0.97,0.99,1.0,"['0', '1', '2', '3', '4', '5', '6', '7', '8', '9', '10', '11', '12', '13', '14', '15', '16', '17', '18', '19']","{'grp_1': 25, 'grp_2': 25, 'grp_3': 25, 'grp_4': 25}","{'grp_1': 25, 'grp_2': 2, 'grp_3': 0, 'grp_4': 0}",{'grp_1': 20}
EPIRA,synthetic-0.6,0.2,0.6,1.386289780208865,1.1222391722277965,0.0,1.386289780208865,0.0,0.63,0.92,0.97,0.99,1.0,"['0', '1', '2', '3', '4', '5', '6', '7', '8', '9', '10', '11', '12', '13', '14', '15', '16', '17', '18', '19']","{'grp_1': 25, 'grp_2': 25, 'grp_3': 25, 'grp_4': 25}","{'grp_1': 25, 'grp_2': 2, 'grp_3': 0, 'grp_4': 0}",{'grp_1': 20}
RAPF,synthetic-0.6,0.2,0.6,1.346587012961112,1.1222391722277965,0.0,1.381080575554669,0.13610320012997873,0.449,0.654,0.7929999999999999,0.9040000000000001,0.9469999999999998,"['0', '4', '13', '5', '1', '8', '2', '11', '6', '7', '10', '3', '12', '9', '14', '17', '16', '15', '19', '20']","{'grp_1': 25, 'grp_2': 25, 'grp_3': 25, 'grp_4': 25}","{'grp_1': 25, 'grp_2': 2, 'grp_3': 0, 'grp_4': 0}",{'grp_1': 20}
BALANCED-COMMITTEE-ELECTION,synthetic-0.6,0.2,0.6,1.0612082778324712,1.1222391722277965,0.0,1.3436374364917416,0.672463665969716,0.63,0.92,0.97,0.99,1.0,"['0', '1', '2', '3', '4', '5', '6', '7', '8', '9', '10', '11', '12', '13', '14', '15', '16', '17', '28', '26']","{'grp_1': 25, 'grp_2': 25, 'grp_3': 25, 'grp_4': 25}","{'grp_1': 25, 'grp_2': 2, 'grp_3': 0, 'grp_4': 0}","{'grp_1': 18, 'grp_2': 2}"
PREFAIR,synthetic-0.6,0.2,0.6,0.0,1.1222391722277965,1.0,0.0,0.0,0.33,0.33,0.63,0.63,0.77,"['0', '86', '28', '63', '1', '91', '26', '56', '3', '75', '35', '53', '2', '79', '33', '55', '13', '85', '47', '71']","{'grp_1': 25, 'grp_2': 25, 'grp_3': 25, 'grp_4': 25}","{'grp_1': 25, 'grp_2': 2, 'grp_3': 0, 'grp_4': 0}","{'grp_1': 5, 'grp_2': 5, 'grp_3': 5, 'grp_4': 5}"
STV,synthetic-0.6,0.4,0.6,0.7754270338987802,0.6969296694864817,0.0,1.251107508221824,0.5930273576877796,0.43,0.785,0.8,0.815,0.815,"['0', '1', '3', '2', '13', '9', '7', '22', '18', '15', '5', '20', '8', '11', '33', '28', '31', '30', '29', '25']","{'grp_1': 25, 'grp_2': 25, 'grp_3': 25, 'grp_4': 25}","{'grp_1': 25, 'grp_2': 21, 'grp_3': 0, 'grp_4': 0}","{'grp_1': 14, 'grp_2': 6}"
MC4,synthetic-0.6,0.4,0.6,1.386289780208865,0.6969296694864817,0.0,1.386289780208865,0.0,0.43,0.695,0.72,0.84,0.99,"['0', '2', '5', '1', '7', '9', '4', '6', '3', '8', '10', '12', '11', '15', '14', '16', '23', '13', '19', '22']","{'grp_1': 25, 'grp_2': 25, 'grp_3': 25, 'grp_4': 25}","{'grp_1': 25, 'grp_2': 21, 'grp_3': 0, 'grp_4': 0}",{'grp_1': 20}
BORDA,synthetic-0.6,0.4,0.6,1.386289780208865,0.6969296694864817,0.0,1.386289780208865,0.0,0.43,0.785,0.93,0.97,0.99,"['0', '1', '2', '3', '4', '5', '6', '7', '8', '9', '10', '11', '12', '13', '14', '15', '16', '17', '18', '19']","{'grp_1': 25, 'grp_2': 25, 'grp_3': 25, 'grp_4': 25}","{'grp_1': 25, 'grp_2': 21, 'grp_3': 0, 'grp_4': 0}",{'grp_1': 20}
EPIRA,synthetic-0.6,0.4,0.6,1.386289780208865,0.6969296694864817,0.0,1.386289780208865,0.0,0.43,0.785,0.93,0.97,0.99,"['0', '1', '2', '3', '4', '5', '6', '7', '8', '9', '10', '11', '12', '13', '14', '15', '16', '17', '18', '19']","{'grp_1': 25, 'grp_2': 25, 'grp_3': 25, 'grp_4': 25}","{'grp_1': 25, 'grp_2': 21, 'grp_3': 0, 'grp_4': 0}",{'grp_1': 20}
RAPF,synthetic-0.6,0.4,0.6,0.7362882026607346,0.6969296694864816,0.0,0.74278163472605,0.18986720921147088,0.395,0.485,0.6495000000000001,0.7224999999999999,0.867,"['1', '2', '27', '0', '4', '26', '6', '25', '9', '3', '28', '8', '14', '30', '15', '29', '32', '5', '7', '16']","{'grp_1': 25, 'grp_2': 25, 'grp_3': 25, 'grp_4': 25}","{'grp_1': 25, 'grp_2': 21, 'grp_3': 0, 'grp_4': 0}","{'grp_1': 13, 'grp_2': 7}"
BALANCED-COMMITTEE-ELECTION,synthetic-0.6,0.4,0.6,0.6931441728290634,0.6969296694864817,0.0,1.1223063761686976,0.47838571093150956,0.43,0.785,0.93,0.97,0.99,"['0', '1', '2', '3', '4', '5', '6', '7', '8', '9', '25', '26', '27', '28', '29', '30', '31', '32', '33', '34']","{'grp_1': 25, 'grp_2': 25, 'grp_3': 25, 'grp_4': 25}","{'grp_1': 25, 'grp_2': 21, 'grp_3': 0, 'grp_4': 0}","{'grp_1': 10, 'grp_2': 10}"
PREFAIR,synthetic-0.6,0.4,0.6,0.0,0.6969296694864817,1.0,0.0,0.0,0.215,0.215,0.43,0.43,0.57,"['0', '33', '53', '90', '1', '32', '55', '89', '3', '31', '59', '93', '2', '30', '64', '85', '13', '29', '69', '75']","{'grp_1': 25, 'grp_2': 25, 'grp_3': 25, 'grp_4': 25}","{'grp_1': 25, 'grp_2': 21, 'grp_3': 0, 'grp_4': 0}","{'grp_1': 5, 'grp_2': 5, 'grp_3': 5, 'grp_4': 5}"
STV,synthetic-0.6,0.6,0.6,0.7754270338987802,0.3026214156834812,0.0,1.251107508221824,0.5930273576877796,0.31666666666666665,0.6033333333333334,0.6266666666666666,0.6633333333333333,0.6633333333333333,"['0', '1', '3', '2', '13', '9', '7', '22', '18', '15', '5', '20', '8', '11', '33', '28', '31', '30', '29', '25']","{'grp_1': 25, 'grp_2': 25, 'grp_3': 25, 'grp_4': 25}","{'grp_1': 25, 'grp_2': 25, 'grp_3': 17, 'grp_4': 0}","{'grp_1': 14, 'grp_2': 6}"
MC4,synthetic-0.6,0.6,0.6,1.386289780208865,0.3026214156834812,0.0,1.386289780208865,0.0,0.3133333333333333,0.5633333333333332,0.62,0.8233333333333333,0.9766666666666667,"['0', '2', '5', '1', '7', '9', '4', '6', '3', '8', '10', '12', '11', '15', '14', '16', '23', '13', '19', '22']","{'grp_1': 25, 'grp_2': 25, 'grp_3': 25, 'grp_4': 25}","{'grp_1': 25, 'grp_2': 25, 'grp_3': 17, 'grp_4': 0}",{'grp_1': 20}
BORDA,synthetic-0.6,0.6,0.6,1.386289780208865,0.3026214156834812,0.0,1.386289780208865,0.0,0.31666666666666665,0.6033333333333334,0.82,0.9366666666666668,0.9766666666666667,"['0', '1', '2', '3', '4', '5', '6', '7', '8', '9', '10', '11', '12', '13', '14', '15', '16', '17', '18', '19']","{'grp_1': 25, 'grp_2': 25, 'grp_3': 25, 'grp_4': 25}","{'grp_1': 25, 'grp_2': 25, 'grp_3': 17, 'grp_4': 0}",{'grp_1': 20}
EPIRA,synthetic-0.6,0.6,0.6,1.386289780208865,0.3026214156834812,0.0,1.386289780208865,0.0,0.31666666666666665,0.6033333333333334,0.82,0.9366666666666668,0.9766666666666667,"['0', '1', '2', '3', '4', '5', '6', '7', '8', '9', '10', '11', '12', '13', '14', '15', '16', '17', '18', '19']","{'grp_1': 25, 'grp_2': 25, 'grp_3': 25, 'grp_4': 25}","{'grp_1': 25, 'grp_2': 25, 'grp_3': 17, 'grp_4': 0}",{'grp_1': 20}
RAPF,synthetic-0.6,0.6,0.6,0.3625278696909525,0.3026214156834812,0.0,0.3852702574473585,0.14087092821092154,0.15533333333333335,0.2633333333333333,0.3506666666666666,0.46499999999999997,0.5896666666666667,"['1', '50', '25', '26', '2', '28', '3', '0', '51', '31', '4', '29', '56', '5', '27', '6', '33', '7', '37', '11']","{'grp_1': 25, 'grp_2': 25, 'grp_3': 25, 'grp_4': 25}","{'grp_1': 25, 'grp_2': 25, 'grp_3': 17, 'grp_4': 0}","{'grp_1': 9, 'grp_2': 8, 'grp_3': 3}"
BALANCED-COMMITTEE-ELECTION,synthetic-0.6,0.6,0.6,0.2902255450194747,0.3026214156834812,0.0,0.9030551123746949,0.645486618156711,0.31666666666666665,0.6033333333333334,0.82,0.9,0.9,"['0', '1', '2', '3', '4', '5', '6', '25', '26', '27', '28', '29', '30', '31', '50', '51', '52', '53', '54', '56']","{'grp_1': 25, 'grp_2': 25, 'grp_3': 25, 'grp_4': 25}","{'grp_1': 25, 'grp_2': 25, 'grp_3': 17, 'grp_4': 0}","{'grp_1': 7, 'grp_2': 7, 'grp_3': 6}"
PREFAIR,synthetic-0.6,0.6,0.6,0.0,0.3026214156834812,1.0,0.0,0.0,0.16,0.16,0.31666666666666665,0.31666666666666665,0.44999999999999996,"['0', '33', '93', '52', '1', '32', '85', '53', '3', '31', '80', '54', '2', '30', '78', '55', '13', '29', '75', '56']","{'grp_1': 25, 'grp_2': 25, 'grp_3': 25, 'grp_4': 25}","{'grp_1': 25, 'grp_2': 25, 'grp_3': 17, 'grp_4': 0}","{'grp_1': 5, 'grp_2': 5, 'grp_3': 5, 'grp_4': 5}"
STV,synthetic-0.6,0.8,0.6,0.7754270338987802,0.031230583656427113,0.0,1.251107508221824,0.5930273576877796,0.245,0.4825,0.52,0.5925,0.5925,"['0', '1', '3', '2', '13', '9', '7', '22', '18', '15', '5', '20', '8', '11', '33', '28', '31', '30', '29', '25']","{'grp_1': 25, 'grp_2': 25, 'grp_3': 25, 'grp_4': 25}","{'grp_1': 25, 'grp_2': 25, 'grp_3': 25, 'grp_4': 13}","{'grp_1': 14, 'grp_2': 6}"
MC4,synthetic-0.6,0.8,0.6,1.386289780208865,0.031230583656427113,0.0,1.386289780208865,0.0,0.245,0.4625,0.5675,0.7825,0.9475,"['0', '2', '5', '1', '7', '9', '4', '6', '3', '8', '10', '12', '11', '15', '14', '16', '23', '13', '19', '22']","{'grp_1': 25, 'grp_2': 25, 'grp_3': 25, 'grp_4': 25}","{'grp_1': 25, 'grp_2': 25, 'grp_3': 25, 'grp_4': 13}",{'grp_1': 20}
BORDA,synthetic-0.6,0.8,0.6,1.386289780208865,0.031230583656427113,0.0,1.386289780208865,0.0,0.245,0.4825,0.6975,0.8675,0.9475,"['0', '1', '2', '3', '4', '5', '6', '7', '8', '9', '10', '11', '12', '13', '14', '15', '16', '17', '18', '19']","{'grp_1': 25, 'grp_2': 25, 'grp_3': 25, 'grp_4': 25}","{'grp_1': 25, 'grp_2': 25, 'grp_3': 25, 'grp_4': 13}",{'grp_1': 20}
EPIRA,synthetic-0.6,0.8,0.6,1.386289780208865,0.031230583656427113,0.0,1.386289780208865,0.0,0.245,0.4825,0.6975,0.8675,0.9475,"['0', '1', '2', '3', '4', '5', '6', '7', '8', '9', '10', '11', '12', '13', '14', '15', '16', '17', '18', '19']","{'grp_1': 25, 'grp_2': 25, 'grp_3': 25, 'grp_4': 25}","{'grp_1': 25, 'grp_2': 25, 'grp_3': 25, 'grp_4': 13}",{'grp_1': 20}
RAPF,synthetic-0.6,0.8,0.6,0.14668623043990364,0.031230583656427113,0.14285714285714285,0.18414580918322926,0.18414580918322926,0.12025000000000001,0.18125,0.2355,0.292,0.3755,"['0', '25', '50', '1', '76', '51', '28', '53', '32', '3', '54', '2', '33', '57', '4', '26', '31', '56', '5', '30']","{'grp_1': 25, 'grp_2': 25, 'grp_3': 25, 'grp_4': 25}","{'grp_1': 25, 'grp_2': 25, 'grp_3': 25, 'grp_4': 13}","{'grp_1': 6, 'grp_2': 7, 'grp_3': 6, 'grp_4': 1}"
BALANCED-COMMITTEE-ELECTION,synthetic-0.6,0.8,0.6,0.0,0.031230583656427113,1.0,0.703885550281976,0.703885550281976,0.245,0.4825,0.6,0.6,0.6,"['0', '1', '2', '3', '4', '25', '26', '27', '28', '29', '50', '51', '52', '53', '54', '75', '76', '77', '78', '79']","{'grp_1': 25, 'grp_2': 25, 'grp_3': 25, 'grp_4': 25}","{'grp_1': 25, 'grp_2': 25, 'grp_3': 25, 'grp_4': 13}","{'grp_1': 5, 'grp_2': 5, 'grp_3': 5, 'grp_4': 5}"
PREFAIR,synthetic-0.6,0.8,0.6,0.0,0.031230583656427113,1.0,0.0,0.0,0.125,0.125,0.245,0.245,0.3625,"['0', '33', '79', '52', '1', '32', '78', '53', '3', '31', '77', '54', '2', '30', '76', '55', '13', '29', '75', '56']","{'grp_1': 25, 'grp_2': 25, 'grp_3': 25, 'grp_4': 25}","{'grp_1': 25, 'grp_2': 25, 'grp_3': 25, 'grp_4': 13}","{'grp_1': 5, 'grp_2': 5, 'grp_3': 5, 'grp_4': 5}"
STV,synthetic-0.6,1.0,0.6,0.7754270338987802,0.0,0.0,1.251107508221824,0.5930273576877796,0.19799999999999998,0.3899999999999999,0.47,0.556,0.558,"['0', '1', '3', '2', '13', '9', '7', '22', '18', '15', '5', '20', '8', '11', '33', '28', '31', '30', '29', '25']","{'grp_1': 25, 'grp_2': 25, 'grp_3': 25, 'grp_4': 25}","{'grp_1': 25, 'grp_2': 25, 'grp_3': 25, 'grp_4': 25}","{'grp_1': 14, 'grp_2': 6}"
MC4,synthetic-0.6,1.0,0.6,1.386289780208865,0.0,0.0,1.386289780208865,0.0,0.19599999999999995,0.384,0.536,0.7239999999999999,0.8960000000000001,"['0', '2', '5', '1', '7', '9', '4', '6', '3', '8', '10', '12', '11', '15', '14', '16', '23', '13', '19', '22']","{'grp_1': 25, 'grp_2': 25, 'grp_3': 25, 'grp_4': 25}","{'grp_1': 25, 'grp_2': 25, 'grp_3': 25, 'grp_4': 25}",{'grp_1': 20}
BORDA,synthetic-0.6,1.0,0.6,1.386289780208865,0.0,0.0,1.386289780208865,0.0,0.19799999999999998,0.3899999999999999,0.5780000000000001,0.754,0.8960000000000001,"['0', '1', '2', '3', '4', '5', '6', '7', '8', '9', '10', '11', '12', '13', '14', '15', '16', '17', '18', '19']","{'grp_1': 25, 'grp_2': 25, 'grp_3': 25, 'grp_4': 25}","{'grp_1': 25, 'grp_2': 25, 'grp_3': 25, 'grp_4': 25}",{'grp_1': 20}
EPIRA,synthetic-0.6,1.0,0.6,1.386289780208865,0.0,0.0,1.386289780208865,0.0,0.19799999999999998,0.3899999999999999,0.5780000000000001,0.754,0.8960000000000001,"['0', '1', '2', '3', '4', '5', '6', '7', '8', '9', '10', '11', '12', '13', '14', '15', '16', '17', '18', '19']","{'grp_1': 25, 'grp_2': 25, 'grp_3': 25, 'grp_4': 25}","{'grp_1': 25, 'grp_2': 25, 'grp_3': 25, 'grp_4': 25}",{'grp_1': 20}
RAPF,synthetic-0.6,1.0,0.6,0.0,0.0,1.0,0.0,0.0,0.08919999999999997,0.09879999999999997,0.13699999999999996,0.19479999999999995,0.23420000000000002,"['1', '76', '50', '25', '75', '52', '27', '2', '0', '77', '51', '31', '82', '53', '3', '26', '9', '80', '56', '34']","{'grp_1': 25, 'grp_2': 25, 'grp_3': 25, 'grp_4': 25}","{'grp_1': 25, 'grp_2': 25, 'grp_3': 25, 'grp_4': 25}","{'grp_1': 5, 'grp_2': 5, 'grp_3': 5, 'grp_4': 5}"
BALANCED-COMMITTEE-ELECTION,synthetic-0.6,1.0,0.6,0.0,0.0,1.0,0.703885550281976,0.703885550281976,0.19799999999999998,0.3899999999999999,0.488,0.488,0.488,"['0', '1', '2', '3', '4', '25', '26', '27', '28', '29', '50', '51', '52', '53', '54', '75', '76', '77', '79', '78']","{'grp_1': 25, 'grp_2': 25, 'grp_3': 25, 'grp_4': 25}","{'grp_1': 25, 'grp_2': 25, 'grp_3': 25, 'grp_4': 25}","{'grp_1': 5, 'grp_2': 5, 'grp_3': 5, 'grp_4': 5}"
PREFAIR,synthetic-0.6,1.0,0.6,0.0,0.0,1.0,0.0,0.0,0.09999999999999998,0.09999999999999998,0.19799999999999998,0.19799999999999998,0.294,"['0', '33', '79', '52', '1', '32', '78', '53', '3', '31', '77', '54', '2', '30', '76', '55', '13', '29', '75', '56']","{'grp_1': 25, 'grp_2': 25, 'grp_3': 25, 'grp_4': 25}","{'grp_1': 25, 'grp_2': 25, 'grp_3': 25, 'grp_4': 25}","{'grp_1': 5, 'grp_2': 5, 'grp_3': 5, 'grp_4': 5}"
STV,synthetic-0.8,0.2,0.8,1.386289780208865,1.2183470183146,0.0,1.386289780208865,0.0,0.68,0.93,0.93,0.93,0.93,"['0', '1', '2', '14', '8', '9', '11', '10', '22', '18', '16', '15', '19', '20', '21', '3', '4', '5', '6', '7']","{'grp_1': 25, 'grp_2': 25, 'grp_3': 25, 'grp_4': 25}","{'grp_1': 24, 'grp_2': 1, 'grp_3': 0, 'grp_4': 0}",{'grp_1': 20}
MC4,synthetic-0.8,0.2,0.8,1.386289780208865,1.2183470183146,0.0,1.386289780208865,0.0,0.65,0.94,0.94,0.95,1.0,"['0', '2', '4', '1', '6', '8', '5', '7', '3', '9', '10', '12', '11', '14', '13', '16', '21', '15', '18', '20']","{'grp_1': 25, 'grp_2': 25, 'grp_3': 25, 'grp_4': 25}","{'grp_1': 24, 'grp_2': 1, 'grp_3': 0, 'grp_4': 0}",{'grp_1': 20}
BORDA,synthetic-0.8,0.2,0.8,1.386289780208865,1.2183470183146,0.0,1.386289780208865,0.0,0.68,0.98,1.0,1.0,1.0,"['0', '1', '2', '3', '4', '5', '6', '7', '8', '9', '10', '11', '12', '13', '14', '15', '16', '17', '18', '19']","{'grp_1': 25, 'grp_2': 25, 'grp_3': 25, 'grp_4': 25}","{'grp_1': 24, 'grp_2': 1, 'grp_3': 0, 'grp_4': 0}",{'grp_1': 20}
EPIRA,synthetic-0.8,0.2,0.8,1.386289780208865,1.2183470183146,0.0,1.386289780208865,0.0,0.68,0.98,1.0,1.0,1.0,"['0', '1', '2', '3', '4', '5', '6', '7', '8', '9', '10', '11', '12', '13', '14', '15', '16', '17', '18', '19']","{'grp_1': 25, 'grp_2': 25, 'grp_3': 25, 'grp_4': 25}","{'grp_1': 24, 'grp_2': 1, 'grp_3': 0, 'grp_4': 0}",{'grp_1': 20}
RAPF,synthetic-0.8,0.2,0.8,1.3664383965849882,1.2183470183145997,0.0,1.3836851778817667,0.06805160006498936,0.6060000000000001,0.913,0.967,0.9970000000000001,0.999,"['0', '1', '3', '2', '7', '6', '9', '5', '4', '10', '8', '14', '17', '11', '13', '15', '16', '12', '18', '19']","{'grp_1': 25, 'grp_2': 25, 'grp_3': 25, 'grp_4': 25}","{'grp_1': 24, 'grp_2': 1, 'grp_3': 0, 'grp_4': 0}",{'grp_1': 20}
BALANCED-COMMITTEE-ELECTION,synthetic-0.8,0.2,0.8,1.1877759439701006,1.2183470183146,0.0,1.3602437569378854,0.6805160006498937,0.68,0.98,1.0,1.0,1.0,"['0', '1', '2', '3', '4', '5', '6', '7', '8', '9', '10', '11', '12', '13', '14', '15', '16', '17', '18', '28']","{'grp_1': 25, 'grp_2': 25, 'grp_3': 25, 'grp_4': 25}","{'grp_1': 24, 'grp_2': 1, 'grp_3': 0, 'grp_4': 0}","{'grp_1': 19, 'grp_2': 1}"
PREFAIR,synthetic-0.8,0.2,0.8,0.0,1.2183470183146,1.0,0.0,0.0,0.4,0.4,0.68,0.68,0.93,"['0', '39', '93', '53', '1', '47', '85', '55', '2', '28', '80', '56', '14', '35', '78', '63', '8', '29', '75', '64']","{'grp_1': 25, 'grp_2': 25, 'grp_3': 25, 'grp_4': 25}","{'grp_1': 24, 'grp_2': 1, 'grp_3': 0, 'grp_4': 0}","{'grp_1': 5, 'grp_2': 5, 'grp_3': 5, 'grp_4': 5}"
STV,synthetic-0.8,0.4,0.8,0.8858888852221218,0.6969296694864817,0.0,1.189194704755508,0.5398879845854183,0.465,0.685,0.69,0.695,0.695,"['0', '1', '2', '14', '8', '9', '11', '10', '22', '19', '28', '25', '16', '12', '15', '17', '18', '26', '6', '34']","{'grp_1': 25, 'grp_2': 25, 'grp_3': 25, 'grp_4': 25}","{'grp_1': 25, 'grp_2': 21, 'grp_3': 0, 'grp_4': 0}","{'grp_1': 16, 'grp_2': 4}"
MC4,synthetic-0.8,0.4,0.8,1.386289780208865,0.6969296694864817,0.0,1.386289780208865,0.0,0.455,0.76,0.765,0.815,0.995,"['0', '2', '4', '1', '6', '8', '5', '7', '3', '9', '10', '12', '11', '14', '13', '16', '21', '15', '18', '20']","{'grp_1': 25, 'grp_2': 25, 'grp_3': 25, 'grp_4': 25}","{'grp_1': 25, 'grp_2': 21, 'grp_3': 0, 'grp_4': 0}",{'grp_1': 20}
BORDA,synthetic-0.8,0.4,0.8,1.386289780208865,0.6969296694864817,0.0,1.386289780208865,0.0,0.465,0.86,0.975,0.99,0.995,"['0', '1', '2', '3', '4', '5', '6', '7', '8', '9', '10', '11', '12', '13', '14', '15', '16', '17', '18', '19']","{'grp_1': 25, 'grp_2': 25, 'grp_3': 25, 'grp_4': 25}","{'grp_1': 25, 'grp_2': 21, 'grp_3': 0, 'grp_4': 0}",{'grp_1': 20}
EPIRA,synthetic-0.8,0.4,0.8,1.386289780208865,0.6969296694864817,0.0,1.386289780208865,0.0,0.465,0.86,0.975,0.99,0.995,"['0', '1', '2', '3', '4', '5', '6', '7', '8', '9', '10', '11', '12', '13', '14', '15', '16', '17', '18', '19']","{'grp_1': 25, 'grp_2': 25, 'grp_3': 25, 'grp_4': 25}","{'grp_1': 25, 'grp_2': 21, 'grp_3': 0, 'grp_4': 0}",{'grp_1': 20}
RAPF,synthetic-0.8,0.4,0.8,0.7388447049233102,0.6969296694864816,0.0,0.7482774359488954,0.17603703974441867,0.43600000000000005,0.5505000000000001,0.7310000000000001,0.8745,0.9359999999999999,"['0', '2', '25', '1', '3', '30', '4', '26', '29', '6', '27', '5', '7', '28', '8', '9', '10', '11', '31', '12']","{'grp_1': 25, 'grp_2': 25, 'grp_3': 25, 'grp_4': 25}","{'grp_1': 25, 'grp_2': 21, 'grp_3': 0, 'grp_4': 0}","{'grp_1': 13, 'grp_2': 7}"
BALANCED-COMMITTEE-ELECTION,synthetic-0.8,0.4,0.8,0.6931441728290634,0.6969296694864817,0.0,1.1223063761686976,0.47838571093150956,0.465,0.86,0.975,0.99,0.995,"['0', '1', '2', '3', '4', '5', '6', '7', '8', '9', '25', '26', '27', '28', '29', '30', '31', '32', '33', '34']","{'grp_1': 25, 'grp_2': 25, 'grp_3': 25, 'grp_4': 25}","{'grp_1': 25, 'grp_2': 21, 'grp_3': 0, 'grp_4': 0}","{'grp_1': 10, 'grp_2': 10}"
PREFAIR,synthetic-0.8,0.4,0.8,0.0,0.6969296694864817,1.0,0.0,0.0,0.235,0.235,0.465,0.465,0.685,"['0', '93', '73', '26', '1', '85', '72', '27', '2', '80', '71', '28', '14', '78', '66', '29', '8', '75', '55', '32']","{'grp_1': 25, 'grp_2': 25, 'grp_3': 25, 'grp_4': 25}","{'grp_1': 25, 'grp_2': 21, 'grp_3': 0, 'grp_4': 0}","{'grp_1': 5, 'grp_2': 5, 'grp_3': 5, 'grp_4': 5}"
STV,synthetic-0.8,0.6,0.8,0.8858888852221218,0.31289858481091526,0.0,1.189194704755508,0.5398879845854183,0.32666666666666666,0.48666666666666664,0.5166666666666666,0.5233333333333333,0.5233333333333333,"['0', '1', '2', '14', '8', '9', '11', '10', '22', '19', '28', '25', '16', '12', '15', '17', '18', '26', '6', '34']","{'grp_1': 25, 'grp_2': 25, 'grp_3': 25, 'grp_4': 25}","{'grp_1': 25, 'grp_2': 25, 'grp_3': 15, 'grp_4': 0}","{'grp_1': 16, 'grp_2': 4}"
MC4,synthetic-0.8,0.6,0.8,1.386289780208865,0.31289858481091526,0.0,1.386289780208865,0.0,0.3233333333333333,0.6299999999999999,0.7066666666666666,0.8233333333333335,0.99,"['0', '2', '4', '1', '6', '8', '5', '7', '3', '9', '10', '12', '11', '14', '13', '16', '21', '15', '18', '20']","{'grp_1': 25, 'grp_2': 25, 'grp_3': 25, 'grp_4': 25}","{'grp_1': 25, 'grp_2': 25, 'grp_3': 15, 'grp_4': 0}",{'grp_1': 20}
BORDA,synthetic-0.8,0.6,0.8,1.386289780208865,0.31289858481091526,0.0,1.386289780208865,0.0,0.32666666666666666,0.6366666666666666,0.8666666666666667,0.96,0.99,"['0', '1', '2', '3', '4', '5', '6', '7', '8', '9', '10', '11', '12', '13', '14', '15', '16', '17', '18', '19']","{'grp_1': 25, 'grp_2': 25, 'grp_3': 25, 'grp_4': 25}","{'grp_1': 25, 'grp_2': 25, 'grp_3': 15, 'grp_4': 0}",{'grp_1': 20}
EPIRA,synthetic-0.8,0.6,0.8,1.386289780208865,0.31289858481091526,0.0,1.386289780208865,0.0,0.32666666666666666,0.6366666666666666,0.8666666666666667,0.96,0.99,"['0', '1', '2', '3', '4', '5', '6', '7', '8', '9', '10', '11', '12', '13', '14', '15', '16', '17', '18', '19']","{'grp_1': 25, 'grp_2': 25, 'grp_3': 25, 'grp_4': 25}","{'grp_1': 25, 'grp_2': 25, 'grp_3': 15, 'grp_4': 0}",{'grp_1': 20}
RAPF,synthetic-0.8,0.6,0.8,0.3447249108046701,0.31289858481091526,0.0,0.3803017066789687,0.17666409280991538,0.1626666666666666,0.32399999999999995,0.381,0.48966666666666664,0.6143333333333333,"['0', '25', '1', '50', '27', '30', '51', '2', '32', '3', '4', '26', '53', '5', '31', '7', '29', '33', '8', '54']","{'grp_1': 25, 'grp_2': 25, 'grp_3': 25, 'grp_4': 25}","{'grp_1': 25, 'grp_2': 25, 'grp_3': 15, 'grp_4': 0}","{'grp_1': 8, 'grp_2': 8, 'grp_3': 4}"
BALANCED-COMMITTEE-ELECTION,synthetic-0.8,0.6,0.8,0.2902255450194747,0.31289858481091526,0.0,0.9030551123746949,0.645486618156711,0.32666666666666666,0.6366666666666666,0.8666666666666667,0.9266666666666667,0.9266666666666667,"['0', '1', '2', '3', '4', '5', '6', '25', '26', '27', '28', '29', '30', '31', '50', '51', '52', '53', '54', '55']","{'grp_1': 25, 'grp_2': 25, 'grp_3': 25, 'grp_4': 25}","{'grp_1': 25, 'grp_2': 25, 'grp_3': 15, 'grp_4': 0}","{'grp_1': 7, 'grp_2': 7, 'grp_3': 6}"
PREFAIR,synthetic-0.8,0.6,0.8,0.0,0.31289858481091526,1.0,0.0,0.0,0.16666666666666663,0.16666666666666663,0.32666666666666666,0.32666666666666666,0.48333333333333334,"['0', '93', '54', '26', '1', '85', '53', '27', '2', '80', '52', '28', '14', '78', '51', '29', '8', '75', '50', '32']","{'grp_1': 25, 'grp_2': 25, 'grp_3': 25, 'grp_4': 25}","{'grp_1': 25, 'grp_2': 25, 'grp_3': 15, 'grp_4': 0}","{'grp_1': 5, 'grp_2': 5, 'grp_3': 5, 'grp_4': 5}"
STV,synthetic-0.8,0.8,0.8,0.8858888852221218,0.038024922044156376,0.0,1.189194704755508,0.5398879845854183,0.25,0.3775,0.46,0.4875,0.4875,"['0', '1', '2', '14', '8', '9', '11', '10', '22', '19', '28', '25', '16', '12', '15', '17', '18', '26', '6', '34']","{'grp_1': 25, 'grp_2': 25, 'grp_3': 25, 'grp_4': 25}","{'grp_1': 25, 'grp_2': 25, 'grp_3': 25, 'grp_4': 12}","{'grp_1': 16, 'grp_2': 4}"
MC4,synthetic-0.8,0.8,0.8,1.386289780208865,0.038024922044156376,0.0,1.386289780208865,0.0,0.25,0.495,0.6325,0.8125,0.965,"['0', '2', '4', '1', '6', '8', '5', '7', '3', '9', '10', '12', '11', '14', '13', '16', '21', '15', '18', '20']","{'grp_1': 25, 'grp_2': 25, 'grp_3': 25, 'grp_4': 25}","{'grp_1': 25, 'grp_2': 25, 'grp_3': 25, 'grp_4': 12}",{'grp_1': 20}
BORDA,synthetic-0.8,0.8,0.8,1.386289780208865,0.038024922044156376,0.0,1.386289780208865,0.0,0.25,0.4975,0.725,0.8825,0.965,"['0', '1', '2', '3', '4', '5', '6', '7', '8', '9', '10', '11', '12', '13', '14', '15', '16', '17', '18', '19']","{'grp_1': 25, 'grp_2': 25, 'grp_3': 25, 'grp_4': 25}","{'grp_1': 25, 'grp_2': 25, 'grp_3': 25, 'grp_4': 12}",{'grp_1': 20}
EPIRA,synthetic-0.8,0.8,0.8,1.386289780208865,0.038024922044156376,0.0,1.386289780208865,0.0,0.25,0.4975,0.725,0.8825,0.965,"['0', '1', '2', '3', '4', '5', '6', '7', '8', '9', '10', '11', '12', '13', '14', '15', '16', '17', '18', '19']","{'grp_1': 25, 'grp_2': 25, 'grp_3': 25, 'grp_4': 25}","{'grp_1': 25, 'grp_2': 25, 'grp_3': 25, 'grp_4': 12}",{'grp_1': 20}
RAPF,synthetic-0.8,0.8,0.8,0.14668623043990364,0.038024922044156376,0.14285714285714285,0.1907924881436402,0.1907924881436402,0.125,0.225,0.24924999999999997,0.34875,0.38625,"['1', '26', '50', '0', '75', '52', '25', '53', '27', '2', '54', '30', '3', '51', '4', '33', '32', '7', '56', '57']","{'grp_1': 25, 'grp_2': 25, 'grp_3': 25, 'grp_4': 25}","{'grp_1': 25, 'grp_2': 25, 'grp_3': 25, 'grp_4': 12}","{'grp_1': 6, 'grp_2': 6, 'grp_3': 7, 'grp_4': 1}"
BALANCED-COMMITTEE-ELECTION,synthetic-0.8,0.8,0.8,0.0,0.038024922044156376,1.0,0.703885550281976,0.703885550281976,0.25,0.4975,0.6175,0.6175,0.6175,"['0', '1', '2', '3', '4', '25', '26', '27', '28', '29', '50', '51', '52', '53', '54', '75', '76', '77', '78', '79']","{'grp_1': 25, 'grp_2': 25, 'grp_3': 25, 'grp_4': 25}","{'grp_1': 25, 'grp_2': 25, 'grp_3': 25, 'grp_4': 12}","{'grp_1': 5, 'grp_2': 5, 'grp_3': 5, 'grp_4': 5}"
PREFAIR,synthetic-0.8,0.8,0.8,0.0,0.038024922044156376,1.0,0.0,0.0,0.125,0.125,0.25,0.25,0.375,"['0', '79', '54', '26', '1', '78', '53', '27', '2', '77', '52', '28', '14', '76', '51', '29', '8', '75', '50', '32']","{'grp_1': 25, 'grp_2': 25, 'grp_3': 25, 'grp_4': 25}","{'grp_1': 25, 'grp_2': 25, 'grp_3': 25, 'grp_4': 12}","{'grp_1': 5, 'grp_2': 5, 'grp_3': 5, 'grp_4': 5}"
STV,synthetic-0.8,1.0,0.8,0.8858888852221218,0.0,0.0,1.189194704755508,0.5398879845854183,0.19999999999999996,0.30200000000000005,0.444,0.512,0.512,"['0', '1', '2', '14', '8', '9', '11', '10', '22', '19', '28', '25', '16', '12', '15', '17', '18', '26', '6', '34']","{'grp_1': 25, 'grp_2': 25, 'grp_3': 25, 'grp_4': 25}","{'grp_1': 25, 'grp_2': 25, 'grp_3': 25, 'grp_4': 25}","{'grp_1': 16, 'grp_2': 4}"
MC4,synthetic-0.8,1.0,0.8,1.386289780208865,0.0,0.0,1.386289780208865,0.0,0.19999999999999996,0.3999999999999999,0.5760000000000001,0.754,0.9139999999999999,"['0', '2', '4', '1', '6', '8', '5', '7', '3', '9', '10', '12', '11', '14', '13', '16', '21', '15', '18', '20']","{'grp_1': 25, 'grp_2': 25, 'grp_3': 25, 'grp_4': 25}","{'grp_1': 25, 'grp_2': 25, 'grp_3': 25, 'grp_4': 25}",{'grp_1': 20}
BORDA,synthetic-0.8,1.0,0.8,1.386289780208865,0.0,0.0,1.386289780208865,0.0,0.19999999999999996,0.3999999999999999,0.5960000000000001,0.7719999999999999,0.9139999999999999,"['0', '1', '2', '3', '4', '5', '6', '7', '8', '9', '10', '11', '12', '13', '14', '15', '16', '17', '18', '19']","{'grp_1': 25, 'grp_2': 25, 'grp_3': 25, 'grp_4': 25}","{'grp_1': 25, 'grp_2': 25, 'grp_3': 25, 'grp_4': 25}",{'grp_1': 20}
EPIRA,synthetic-0.8,1.0,0.8,1.386289780208865,0.0,0.0,1.386289780208865,0.0,0.19999999999999996,0.3999999999999999,0.5960000000000001,0.7719999999999999,0.9139999999999999,"['0', '1', '2', '3', '4', '5', '6', '7', '8', '9', '10', '11', '12', '13', '14', '15', '16', '17', '18', '19']","{'grp_1': 25, 'grp_2': 25, 'grp_3': 25, 'grp_4': 25}","{'grp_1': 25, 'grp_2': 25, 'grp_3': 25, 'grp_4': 25}",{'grp_1': 20}
RAPF,synthetic-0.8,1.0,0.8,0.0,0.0,1.0,0.0,0.0,0.07999999999999999,0.09999999999999998,0.15999999999999998,0.19999999999999996,0.25,"['0', '75', '51', '26', '1', '77', '52', '25', '76', '54', '3', '27', '78', '7', '55', '28', '81', '53', '4', '29']","{'grp_1': 25, 'grp_2': 25, 'grp_3': 25, 'grp_4': 25}","{'grp_1': 25, 'grp_2': 25, 'grp_3': 25, 'grp_4': 25}","{'grp_1': 5, 'grp_2': 5, 'grp_3': 5, 'grp_4': 5}"
BALANCED-COMMITTEE-ELECTION,synthetic-0.8,1.0,0.8,0.0,0.0,1.0,0.703885550281976,0.703885550281976,0.19999999999999996,0.3999999999999999,0.5,0.5,0.5,"['0', '1', '2', '3', '4', '25', '26', '27', '28', '29', '50', '51', '52', '53', '54', '75', '76', '77', '78', '79']","{'grp_1': 25, 'grp_2': 25, 'grp_3': 25, 'grp_4': 25}","{'grp_1': 25, 'grp_2': 25, 'grp_3': 25, 'grp_4': 25}","{'grp_1': 5, 'grp_2': 5, 'grp_3': 5, 'grp_4': 5}"
PREFAIR,synthetic-0.8,1.0,0.8,0.0,0.0,1.0,0.0,0.0,0.09999999999999998,0.09999999999999998,0.19999999999999996,0.19999999999999996,0.30000000000000004,"['0', '79', '54', '26', '1', '78', '53', '27', '2', '77', '52', '28', '14', '76', '51', '29', '8', '75', '50', '32']","{'grp_1': 25, 'grp_2': 25, 'grp_3': 25, 'grp_4': 25}","{'grp_1': 25, 'grp_2': 25, 'grp_3': 25, 'grp_4': 25}","{'grp_1': 5, 'grp_2': 5, 'grp_3': 5, 'grp_4': 5}"
STV,synthetic-1,0.2,1.0,1.386289780208865,1.386289780208865,0.0,1.386289780208865,0.0,0.85,0.85,0.85,0.85,0.85,"['0', '1', '5', '6', '10', '11', '12', '13', '14', '15', '16', '17', '18', '19', '2', '3', '4', '7', '8', '9']","{'grp_1': 25, 'grp_2': 25, 'grp_3': 25, 'grp_4': 25}","{'grp_1': 25, 'grp_2': 0, 'grp_3': 0, 'grp_4': 0}",{'grp_1': 20}
MC4,synthetic-1,0.2,1.0,1.386289780208865,1.386289780208865,0.0,1.386289780208865,0.0,0.85,0.94,0.94,1.0,1.0,"['0', '1', '4', '2', '6', '7', '3', '5', '8', '9', '10', '12', '11', '14', '13', '16', '20', '15', '18', '21']","{'grp_1': 25, 'grp_2': 25, 'grp_3': 25, 'grp_4': 25}","{'grp_1': 25, 'grp_2': 0, 'grp_3': 0, 'grp_4': 0}",{'grp_1': 20}
BORDA,synthetic-1,0.2,1.0,1.386289780208865,1.386289780208865,0.0,1.386289780208865,0.0,0.85,0.98,1.0,1.0,1.0,"['0', '1', '2', '3', '4', '5', '6', '7', '8', '9', '10', '11', '12', '13', '14', '15', '16', '17', '18', '19']","{'grp_1': 25, 'grp_2': 25, 'grp_3': 25, 'grp_4': 25}","{'grp_1': 25, 'grp_2': 0, 'grp_3': 0, 'grp_4': 0}",{'grp_1': 20}
EPIRA,synthetic-1,0.2,1.0,1.386289780208865,1.386289780208865,0.0,1.386289780208865,0.0,0.85,0.98,1.0,1.0,1.0,"['0', '1', '2', '3', '4', '5', '6', '7', '8', '9', '10', '11', '12', '13', '14', '15', '16', '17', '18', '19']","{'grp_1': 25, 'grp_2': 25, 'grp_3': 25, 'grp_4': 25}","{'grp_1': 25, 'grp_2': 0, 'grp_3': 0, 'grp_4': 0}",{'grp_1': 20}
RAPF,synthetic-1,0.2,1.0,1.3862897802088647,1.3862897802088647,0.0,1.3862897802088647,0.0,0.817,0.942,0.994,1.0,1.0,"['0', '1', '4', '5', '2', '3', '6', '7', '8', '9', '11', '10', '15', '13', '14', '12', '16', '17', '22', '20']","{'grp_1': 25, 'grp_2': 25, 'grp_3': 25, 'grp_4': 25}","{'grp_1': 25, 'grp_2': 0, 'grp_3': 0, 'grp_4': 0}",{'grp_1': 20}
BALANCED-COMMITTEE-ELECTION,synthetic-1,0.2,1.0,1.386289780208865,1.386289780208865,0.0,1.386289780208865,0.0,0.85,0.98,1.0,1.0,1.0,"['0', '1', '2', '3', '4', '5', '6', '7', '8', '9', '10', '11', '12', '13', '14', '15', '16', '17', '18', '19']","{'grp_1': 25, 'grp_2': 25, 'grp_3': 25, 'grp_4': 25}","{'grp_1': 25, 'grp_2': 0, 'grp_3': 0, 'grp_4': 0}",{'grp_1': 20}
PREFAIR,synthetic-1,0.2,1.0,0.0,1.386289780208865,1.0,0.0,0.0,0.45,0.45,0.85,0.85,0.85,"['0', '93', '47', '73', '1', '85', '45', '72', '5', '80', '35', '71', '6', '78', '29', '66', '3', '75', '28', '55']","{'grp_1': 25, 'grp_2': 25, 'grp_3': 25, 'grp_4': 25}","{'grp_1': 25, 'grp_2': 0, 'grp_3': 0, 'grp_4': 0}","{'grp_1': 5, 'grp_2': 5, 'grp_3': 5, 'grp_4': 5}"
STV,synthetic-1,0.4,1.0,1.386289780208865,0.6993297755494337,0.0,1.386289780208865,0.0,0.495,0.54,0.54,0.54,0.54,"['0', '1', '5', '6', '10', '11', '12', '13', '14', '15', '16', '17', '18', '19', '2', '3', '4', '7', '8', '9']","{'grp_1': 25, 'grp_2': 25, 'grp_3': 25, 'grp_4': 25}","{'grp_1': 25, 'grp_2': 20, 'grp_3': 0, 'grp_4': 0}",{'grp_1': 20}
MC4,synthetic-1,0.4,1.0,1.386289780208865,0.6993297755494337,0.0,1.386289780208865,0.0,0.495,0.8,0.825,1.0,1.0,"['0', '1', '4', '2', '6', '7', '3', '5', '8', '9', '10', '12', '11', '14', '13', '16', '20', '15', '18', '21']","{'grp_1': 25, 'grp_2': 25, 'grp_3': 25, 'grp_4': 25}","{'grp_1': 25, 'grp_2': 20, 'grp_3': 0, 'grp_4': 0}",{'grp_1': 20}
BORDA,synthetic-1,0.4,1.0,1.386289780208865,0.6993297755494337,0.0,1.386289780208865,0.0,0.495,0.86,0.975,1.0,1.0,"['0', '1', '2', '3', '4', '5', '6', '7', '8', '9', '10', '11', '12', '13', '14', '15', '16', '17', '18', '19']","{'grp_1': 25, 'grp_2': 25, 'grp_3': 25, 'grp_4': 25}","{'grp_1': 25, 'grp_2': 20, 'grp_3': 0, 'grp_4': 0}",{'grp_1': 20}
EPIRA,synthetic-1,0.4,1.0,1.386289780208865,0.6993297755494337,0.0,1.386289780208865,0.0,0.495,0.86,0.975,1.0,1.0,"['0', '1', '2', '3', '4', '5', '6', '7', '8', '9', '10', '11', '12', '13', '14', '15', '16', '17', '18', '19']","{'grp_1': 25, 'grp_2': 25, 'grp_3': 25, 'grp_4': 25}","{'grp_1': 25, 'grp_2': 20, 'grp_3': 0, 'grp_4': 0}",{'grp_1': 20}
RAPF,synthetic-1,0.4,1.0,0.7388447049233102,0.6993297755494335,0.0,0.7187626899265949,0.17306492836846987,0.492,0.5165000000000001,0.6965,0.8494999999999999,0.9264999999999999,"['0', '1', '26', '27', '5', '25', '2', '7', '28', '4', '8', '6', '3', '30', '11', '33', '9', '10', '29', '12']","{'grp_1': 25, 'grp_2': 25, 'grp_3': 25, 'grp_4': 25}","{'grp_1': 25, 'grp_2': 20, 'grp_3': 0, 'grp_4': 0}","{'grp_1': 13, 'grp_2': 7}"
BALANCED-COMMITTEE-ELECTION,synthetic-1,0.4,1.0,0.6931441728290634,0.6993297755494337,0.0,1.1223063761686976,0.47838571093150956,0.495,0.86,0.975,1.0,1.0,"['0', '1', '2', '3', '4', '5', '6', '7', '8', '9', '25', '26', '27', '28', '29', '30', '31', '32', '33', '34']","{'grp_1': 25, 'grp_2': 25, 'grp_3': 25, 'grp_4': 25}","{'grp_1': 25, 'grp_2': 20, 'grp_3': 0, 'grp_4': 0}","{'grp_1': 10, 'grp_2': 10}"
PREFAIR,synthetic-1,0.4,1.0,0.0,0.6993297755494337,1.0,0.0,0.0,0.25,0.25,0.495,0.495,0.52,"['0', '93', '73', '29', '1', '85', '72', '28', '5', '80', '71', '27', '6', '78', '66', '26', '3', '75', '55', '25']","{'grp_1': 25, 'grp_2': 25, 'grp_3': 25, 'grp_4': 25}","{'grp_1': 25, 'grp_2': 20, 'grp_3': 0, 'grp_4': 0}","{'grp_1': 5, 'grp_2': 5, 'grp_3': 5, 'grp_4': 5}"
STV,synthetic-1,0.6,1.0,1.386289780208865,0.31945030951595915,0.0,1.386289780208865,0.0,0.33333333333333326,0.49666666666666665,0.49666666666666665,0.49666666666666665,0.49666666666666665,"['0', '1', '5', '6', '10', '11', '12', '13', '14', '15', '16', '17', '18', '19', '2', '3', '4', '7', '8', '9']","{'grp_1': 25, 'grp_2': 25, 'grp_3': 25, 'grp_4': 25}","{'grp_1': 25, 'grp_2': 25, 'grp_3': 14, 'grp_4': 0}",{'grp_1': 20}
MC4,synthetic-1,0.6,1.0,1.386289780208865,0.31945030951595915,0.0,1.386289780208865,0.0,0.33333333333333326,0.6499999999999999,0.73,0.9966666666666667,1.0,"['0', '1', '4', '2', '6', '7', '3', '5', '8', '9', '10', '12', '11', '14', '13', '16', '20', '15', '18', '21']","{'grp_1': 25, 'grp_2': 25, 'grp_3': 25, 'grp_4': 25}","{'grp_1': 25, 'grp_2': 25, 'grp_3': 14, 'grp_4': 0}",{'grp_1': 20}
BORDA,synthetic-1,0.6,1.0,1.386289780208865,0.31945030951595915,0.0,1.386289780208865,0.0,0.33333333333333326,0.6499999999999999,0.9166666666666667,0.9966666666666667,1.0,"['0', '1', '2', '3', '4', '5', '6', '7', '8', '9', '10', '11', '12', '13', '14', '15', '16', '17', '18', '19']","{'grp_1': 25, 'grp_2': 25, 'grp_3': 25, 'grp_4': 25}","{'grp_1': 25, 'grp_2': 25, 'grp_3': 14, 'grp_4': 0}",{'grp_1': 20}
EPIRA,synthetic-1,0.6,1.0,1.386289780208865,0.31945030951595915,0.0,1.386289780208865,0.0,0.33333333333333326,0.6499999999999999,0.9166666666666667,0.9966666666666667,1.0,"['0', '1', '2', '3', '4', '5', '6', '7', '8', '9', '10', '11', '12', '13', '14', '15', '16', '17', '18', '19']","{'grp_1': 25, 'grp_2': 25, 'grp_3': 25, 'grp_4': 25}","{'grp_1': 25, 'grp_2': 25, 'grp_3': 14, 'grp_4': 0}",{'grp_1': 20}
RAPF,synthetic-1,0.6,1.0,0.3669786094125231,0.3194503095159592,0.0,0.35421824303971833,0.17534078041379367,0.1666666666666666,0.33199999999999996,0.42533333333333323,0.4906666666666667,0.65,"['1', '26', '0', '50', '25', '28', '51', '2', '4', '31', '5', '30', '52', '33', '3', '6', '27', '7', '29', '10']","{'grp_1': 25, 'grp_2': 25, 'grp_3': 25, 'grp_4': 25}","{'grp_1': 25, 'grp_2': 25, 'grp_3': 14, 'grp_4': 0}","{'grp_1': 9, 'grp_2': 8, 'grp_3': 3}"
BALANCED-COMMITTEE-ELECTION,synthetic-1,0.6,1.0,0.2902255450194747,0.31945030951595915,0.0,0.9030551123746949,0.645486618156711,0.33333333333333326,0.6499999999999999,0.9166666666666667,0.9666666666666666,0.9666666666666666,"['0', '1', '2', '3', '4', '5', '6', '25', '26', '27', '28', '29', '30', '31', '50', '51', '52', '53', '54', '55']","{'grp_1': 25, 'grp_2': 25, 'grp_3': 25, 'grp_4': 25}","{'grp_1': 25, 'grp_2': 25, 'grp_3': 14, 'grp_4': 0}","{'grp_1': 7, 'grp_2': 7, 'grp_3': 6}"
PREFAIR,synthetic-1,0.6,1.0,0.0,0.31945030951595915,1.0,0.0,0.0,0.16666666666666663,0.16666666666666663,0.33333333333333326,0.33333333333333326,0.44666666666666666,"['0', '93', '54', '29', '1', '85', '53', '28', '5', '80', '52', '27', '6', '78', '51', '26', '3', '75', '50', '25']","{'grp_1': 25, 'grp_2': 25, 'grp_3': 25, 'grp_4': 25}","{'grp_1': 25, 'grp_2': 25, 'grp_3': 14, 'grp_4': 0}","{'grp_1': 5, 'grp_2': 5, 'grp_3': 5, 'grp_4': 5}"
STV,synthetic-1,0.8,1.0,1.386289780208865,0.06489072105688402,0.0,1.386289780208865,0.0,0.25,0.4825,0.4925,0.495,0.495,"['0', '1', '5', '6', '10', '11', '12', '13', '14', '15', '16', '17', '18', '19', '2', '3', '4', '7', '8', '9']","{'grp_1': 25, 'grp_2': 25, 'grp_3': 25, 'grp_4': 25}","{'grp_1': 25, 'grp_2': 25, 'grp_3': 25, 'grp_4': 9}",{'grp_1': 20}
MC4,synthetic-1,0.8,1.0,1.386289780208865,0.06489072105688402,0.0,1.386289780208865,0.0,0.25,0.4975,0.69,0.9325,0.9875,"['0', '1', '4', '2', '6', '7', '3', '5', '8', '9', '10', '12', '11', '14', '13', '16', '20', '15', '18', '21']","{'grp_1': 25, 'grp_2': 25, 'grp_3': 25, 'grp_4': 25}","{'grp_1': 25, 'grp_2': 25, 'grp_3': 25, 'grp_4': 9}",{'grp_1': 20}
BORDA,synthetic-1,0.8,1.0,1.386289780208865,0.06489072105688402,0.0,1.386289780208865,0.0,0.25,0.495,0.74,0.9325,0.9875,"['0', '1', '2', '3', '4', '5', '6', '7', '8', '9', '10', '11', '12', '13', '14', '15', '16', '17', '18', '19']","{'grp_1': 25, 'grp_2': 25, 'grp_3': 25, 'grp_4': 25}","{'grp_1': 25, 'grp_2': 25, 'grp_3': 25, 'grp_4': 9}",{'grp_1': 20}
EPIRA,synthetic-1,0.8,1.0,1.386289780208865,0.06489072105688402,0.0,1.386289780208865,0.0,0.25,0.495,0.74,0.9325,0.9875,"['0', '1', '2', '3', '4', '5', '6', '7', '8', '9', '10', '11', '12', '13', '14', '15', '16', '17', '18', '19']","{'grp_1': 25, 'grp_2': 25, 'grp_3': 25, 'grp_4': 25}","{'grp_1': 25, 'grp_2': 25, 'grp_3': 25, 'grp_4': 9}",{'grp_1': 20}
RAPF,synthetic-1,0.8,1.0,0.14668623043990364,0.06489072105688401,0.14285714285714285,0.20418649294114152,0.20418649294114152,0.125,0.21225,0.24900000000000003,0.274,0.39749999999999996,"['0', '25', '50', '1', '75', '52', '28', '51', '26', '2', '55', '30', '3', '7', '53', '33', '27', '54', '4', '5']","{'grp_1': 25, 'grp_2': 25, 'grp_3': 25, 'grp_4': 25}","{'grp_1': 25, 'grp_2': 25, 'grp_3': 25, 'grp_4': 9}","{'grp_1': 7, 'grp_2': 6, 'grp_3': 6, 'grp_4': 1}"
BALANCED-COMMITTEE-ELECTION,synthetic-1,0.8,1.0,0.0,0.06489072105688402,1.0,0.703885550281976,0.703885550281976,0.25,0.495,0.62,0.62,0.62,"['0', '1', '2', '3', '4', '25', '26', '27', '28', '29', '50', '51', '52', '53', '54', '75', '76', '77', '78', '79']","{'grp_1': 25, 'grp_2': 25, 'grp_3': 25, 'grp_4': 25}","{'grp_1': 25, 'grp_2': 25, 'grp_3': 25, 'grp_4': 9}","{'grp_1': 5, 'grp_2': 5, 'grp_3': 5, 'grp_4': 5}"
PREFAIR,synthetic-1,0.8,1.0,0.0,0.06489072105688402,1.0,0.0,0.0,0.125,0.125,0.25,0.25,0.37,"['0', '79', '54', '29', '1', '78', '53', '28', '5', '77', '52', '27', '6', '76', '51', '26', '3', '75', '50', '25']","{'grp_1': 25, 'grp_2': 25, 'grp_3': 25, 'grp_4': 25}","{'grp_1': 25, 'grp_2': 25, 'grp_3': 25, 'grp_4': 9}","{'grp_1': 5, 'grp_2': 5, 'grp_3': 5, 'grp_4': 5}"
STV,synthetic-1,1.0,1.0,1.386289780208865,0.0,0.0,1.386289780208865,0.0,0.19999999999999996,0.39599999999999996,0.43799999999999994,0.44999999999999996,0.44999999999999996,"['0', '1', '5', '6', '10', '11', '12', '13', '14', '15', '16', '17', '18', '19', '2', '3', '4', '7', '8', '9']","{'grp_1': 25, 'grp_2': 25, 'grp_3': 25, 'grp_4': 25}","{'grp_1': 25, 'grp_2': 25, 'grp_3': 25, 'grp_4': 25}",{'grp_1': 20}
MC4,synthetic-1,1.0,1.0,1.386289780208865,0.0,0.0,1.386289780208865,0.0,0.19999999999999996,0.3999999999999999,0.5920000000000001,0.7899999999999998,0.9460000000000001,"['0', '1', '4', '2', '6', '7', '3', '5', '8', '9', '10', '12', '11', '14', '13', '16', '20', '15', '18', '21']","{'grp_1': 25, 'grp_2': 25, 'grp_3': 25, 'grp_4': 25}","{'grp_1': 25, 'grp_2': 25, 'grp_3': 25, 'grp_4': 25}",{'grp_1': 20}
BORDA,synthetic-1,1.0,1.0,1.386289780208865,0.0,0.0,1.386289780208865,0.0,0.19999999999999996,0.3999999999999999,0.5980000000000001,0.7899999999999998,0.9460000000000001,"['0', '1', '2', '3', '4', '5', '6', '7', '8', '9', '10', '11', '12', '13', '14', '15', '16', '17', '18', '19']","{'grp_1': 25, 'grp_2': 25, 'grp_3': 25, 'grp_4': 25}","{'grp_1': 25, 'grp_2': 25, 'grp_3': 25, 'grp_4': 25}",{'grp_1': 20}
EPIRA,synthetic-1,1.0,1.0,1.386289780208865,0.0,0.0,1.386289780208865,0.0,0.19999999999999996,0.3999999999999999,0.5980000000000001,0.7899999999999998,0.9460000000000001,"['0', '1', '2', '3', '4', '5', '6', '7', '8', '9', '10', '11', '12', '13', '14', '15', '16', '17', '18', '19']","{'grp_1': 25, 'grp_2': 25, 'grp_3': 25, 'grp_4': 25}","{'grp_1': 25, 'grp_2': 25, 'grp_3': 25, 'grp_4': 25}",{'grp_1': 20}
RAPF,synthetic-1,1.0,1.0,0.0,0.0,1.0,0.0,0.0,0.09999999999999998,0.09999999999999998,0.16999999999999998,0.19999999999999996,0.21999999999999997,"['1', '76', '50', '25', '0', '75', '53', '26', '77', '52', '3', '27', '2', '78', '51', '28', '80', '56', '4', '29']","{'grp_1': 25, 'grp_2': 25, 'grp_3': 25, 'grp_4': 25}","{'grp_1': 25, 'grp_2': 25, 'grp_3': 25, 'grp_4': 25}","{'grp_1': 5, 'grp_2': 5, 'grp_3': 5, 'grp_4': 5}"
BALANCED-COMMITTEE-ELECTION,synthetic-1,1.0,1.0,0.0,0.0,1.0,0.703885550281976,0.703885550281976,0.19999999999999996,0.3999999999999999,0.5,0.5,0.5,"['0', '1', '2', '3', '4', '25', '26', '27', '28', '29', '50', '51', '52', '53', '54', '75', '76', '77', '78', '79']","{'grp_1': 25, 'grp_2': 25, 'grp_3': 25, 'grp_4': 25}","{'grp_1': 25, 'grp_2': 25, 'grp_3': 25, 'grp_4': 25}","{'grp_1': 5, 'grp_2': 5, 'grp_3': 5, 'grp_4': 5}"
PREFAIR,synthetic-1,1.0,1.0,0.0,0.0,1.0,0.0,0.0,0.09999999999999998,0.09999999999999998,0.19999999999999996,0.19999999999999996,0.29800000000000004,"['0', '79', '54', '29', '1', '78', '53', '28', '5', '77', '52', '27', '6', '76', '51', '26', '3', '75', '50', '25']","{'grp_1': 25, 'grp_2': 25, 'grp_3': 25, 'grp_4': 25}","{'grp_1': 25, 'grp_2': 25, 'grp_3': 25, 'grp_4': 25}","{'grp_1': 5, 'grp_2': 5, 'grp_3': 5, 'grp_4': 5}"
